SET SQL_MODE = "NO_AUTO_VALUE_ON_ZERO";
SET time_zone = "+00:00";


/*!40101 SET @OLD_CHARACTER_SET_CLIENT=@@CHARACTER_SET_CLIENT */;
/*!40101 SET @OLD_CHARACTER_SET_RESULTS=@@CHARACTER_SET_RESULTS */;
/*!40101 SET @OLD_COLLATION_CONNECTION=@@COLLATION_CONNECTION */;
/*!40101 SET NAMES utf8 */;
--Database: `pos`




CREATE TABLE `category` (
  `id` int(11) NOT NULL AUTO_INCREMENT,
  `name` varchar(499) COLLATE utf8_unicode_ci NOT NULL,
  `created_user_id` int(11) NOT NULL,
  `created_datetime` datetime NOT NULL,
  `updated_user_id` int(11) NOT NULL,
  `updated_datetime` datetime NOT NULL,
  `status` int(1) NOT NULL,
  PRIMARY KEY (`id`)
) ENGINE=MyISAM AUTO_INCREMENT=25 DEFAULT CHARSET=utf8 COLLATE=utf8_unicode_ci;


INSERT INTO category VALUES
("13","PASTRIES","1","2017-10-30 16:05:37","0","0000-00-00 00:00:00","1"),
("14","CHOUX (N-Size)","1","2017-10-30 16:06:12","1","2017-10-30 16:06:27","1"),
("15","CHOUX (B-Size)","1","2017-10-30 16:06:38","0","0000-00-00 00:00:00","1"),
("16","TARTS (S-Size)","1","2017-10-30 16:07:03","0","0000-00-00 00:00:00","1"),
("17","TARTS (B-Size)","1","2017-10-30 16:07:26","0","0000-00-00 00:00:00","1"),
("18","CUPS","1","2017-10-30 16:07:34","0","0000-00-00 00:00:00","1"),
("19","CAKES","1","2017-10-30 16:07:42","0","0000-00-00 00:00:00","1"),
("20","DONUTS","1","2017-10-30 16:07:52","0","0000-00-00 00:00:00","1"),
("21","BREAD","1","2017-10-30 16:07:59","0","0000-00-00 00:00:00","1"),
("22","VIENNESE  PASTRY","1","2017-10-30 16:08:10","0","0000-00-00 00:00:00","1"),
("23","BUISCUITS","1","2017-10-30 16:08:19","0","0000-00-00 00:00:00","1"),
("24","OTHERS","1","2017-10-30 16:08:26","0","0000-00-00 00:00:00","1");




CREATE TABLE `ci_sessions` (
  `id` varchar(40) COLLATE utf8_unicode_ci NOT NULL,
  `ip_address` varchar(45) COLLATE utf8_unicode_ci NOT NULL,
  `timestamp` int(10) unsigned NOT NULL DEFAULT '0',
  `data` blob NOT NULL,
  PRIMARY KEY (`id`),
  KEY `ci_sessions_timestamp` (`timestamp`)
) ENGINE=MyISAM DEFAULT CHARSET=utf8 COLLATE=utf8_unicode_ci;


INSERT INTO ci_sessions VALUES
("3f7f317c818c1fefe1591649a9d6a713f24beb0a","::1","1510084184","__ci_last_regenerate|i:1510083926;sessionid|s:3:\"pos\";user_id|s:1:\"1\";user_email|s:15:\"owner@gmail.com\";user_role|s:1:\"1\";user_outlet|s:1:\"0\";"),
("4fcd29595996b11a932da3111e2f51bf21da7888","::1","1510083646","__ci_last_regenerate|i:1510083577;sessionid|s:3:\"pos\";user_id|s:1:\"1\";user_email|s:15:\"owner@gmail.com\";user_role|s:1:\"1\";user_outlet|s:1:\"0\";"),
("e8d5ac45ef0656869d0873b5ffca719042153e80","::1","1510083559","__ci_last_regenerate|i:1510083259;sessionid|s:3:\"pos\";user_id|s:1:\"1\";user_email|s:15:\"owner@gmail.com\";user_role|s:1:\"1\";user_outlet|s:1:\"0\";"),
("c7563b5339545fc52d8ce582b4de42e286997772","::1","1510083148","__ci_last_regenerate|i:1510082849;sessionid|s:3:\"pos\";user_id|s:1:\"1\";user_email|s:15:\"owner@gmail.com\";user_role|s:1:\"1\";user_outlet|s:1:\"0\";"),
("0d877166490cb14c666a5d1c64685bd4074542a3","::1","1510082846","__ci_last_regenerate|i:1510082503;sessionid|s:3:\"pos\";user_id|s:1:\"1\";user_email|s:15:\"owner@gmail.com\";user_role|s:1:\"1\";user_outlet|s:1:\"0\";"),
("06a4f6589a02ae17d13aa7f303787810c743d4df","::1","1510082438","__ci_last_regenerate|i:1510082180;sessionid|s:3:\"pos\";user_id|s:1:\"1\";user_email|s:15:\"owner@gmail.com\";user_role|s:1:\"1\";user_outlet|s:1:\"0\";alert_msg|a:3:{i:0;s:7:\"success\";i:1;s:14:\"Submit Payment\";i:2;s:26:\"Successfully Made Payment.\";}__ci_vars|a:1:{s:9:\"alert_msg\";s:3:\"old\";}"),
("b2f31e2156433e44bc59e74de974b02f4e276e1b","::1","1510082014","__ci_last_regenerate|i:1510081824;sessionid|s:3:\"pos\";user_id|s:1:\"1\";user_email|s:15:\"owner@gmail.com\";user_role|s:1:\"1\";user_outlet|s:1:\"0\";"),
("32c4a9613134e6c68a255a68448863852b4ba70c","::1","1510081379","__ci_last_regenerate|i:1510081090;sessionid|s:3:\"pos\";user_id|s:1:\"1\";user_email|s:15:\"owner@gmail.com\";user_role|s:1:\"1\";user_outlet|s:1:\"0\";"),
("e4f912756a59c96507d733627110f64f71811f52","::1","1510081080","__ci_last_regenerate|i:1510079464;sessionid|s:3:\"pos\";user_id|s:1:\"1\";user_email|s:15:\"owner@gmail.com\";user_role|s:1:\"1\";user_outlet|s:1:\"0\";"),
("dd6bc66ee61047412aa1dd905c9f66c94a5e12da","::1","1510079228","__ci_last_regenerate|i:1510079103;sessionid|s:3:\"pos\";user_id|s:1:\"1\";user_email|s:15:\"owner@gmail.com\";user_role|s:1:\"1\";user_outlet|s:1:\"0\";"),
("739b574e35dc61338e841fbcc8cfd2aa790a8257","::1","1510079086","__ci_last_regenerate|i:1510078670;sessionid|s:3:\"pos\";user_id|s:1:\"1\";user_email|s:15:\"owner@gmail.com\";user_role|s:1:\"1\";user_outlet|s:1:\"0\";"),
("c2a0067b67616ce93b7909289dc2c1a1ff38df89","::1","1510078568","__ci_last_regenerate|i:1510078272;sessionid|s:3:\"pos\";user_id|s:1:\"1\";user_email|s:15:\"owner@gmail.com\";user_role|s:1:\"1\";user_outlet|s:1:\"0\";"),
("f8931609811e0f8a08fc3fc19b1cc39a23434e00","::1","1509994738","__ci_last_regenerate|i:1509994738;sessionid|s:3:\"pos\";user_id|s:1:\"1\";user_email|s:15:\"owner@gmail.com\";user_role|s:1:\"1\";user_outlet|s:1:\"0\";"),
("78884ad2daa9cfe723d510e9927b76145bb1ea6f","::1","1510077978","__ci_last_regenerate|i:1510077877;sessionid|s:3:\"pos\";user_id|s:1:\"1\";user_email|s:15:\"owner@gmail.com\";user_role|s:1:\"1\";user_outlet|s:1:\"0\";"),
("d48aab050f9b0e2b0750a4ff8c604a79ef19233e","::1","1509994386","__ci_last_regenerate|i:1509994347;sessionid|s:3:\"pos\";user_id|s:1:\"1\";user_email|s:15:\"owner@gmail.com\";user_role|s:1:\"1\";user_outlet|s:1:\"0\";"),
("6fc845061f3e2de62cb227b0b0e6c1b51969b4cb","::1","1509994344","__ci_last_regenerate|i:1509993936;sessionid|s:3:\"pos\";user_id|s:1:\"1\";user_email|s:15:\"owner@gmail.com\";user_role|s:1:\"1\";user_outlet|s:1:\"0\";"),
("f594feff47551779051bd410cefbbdcc6cbbe76c","::1","1509993916","__ci_last_regenerate|i:1509993625;sessionid|s:3:\"pos\";user_id|s:1:\"1\";user_email|s:15:\"owner@gmail.com\";user_role|s:1:\"1\";user_outlet|s:1:\"0\";"),
("3de8ee2a37e927564f9fb404524df0e378963dfd","::1","1509993478","__ci_last_regenerate|i:1509993237;sessionid|s:3:\"pos\";user_id|s:1:\"1\";user_email|s:15:\"owner@gmail.com\";user_role|s:1:\"1\";user_outlet|s:1:\"0\";"),
("43495292c6291c19bbbd025e54c8cab5d7130988","::1","1509992860","__ci_last_regenerate|i:1509992860;sessionid|s:3:\"pos\";user_id|s:1:\"1\";user_email|s:15:\"owner@gmail.com\";user_role|s:1:\"1\";user_outlet|s:1:\"0\";"),
("44c30799bad7f2d90fc61ccd85a82911033a9a48","::1","1509991461","__ci_last_regenerate|i:1509991461;sessionid|s:3:\"pos\";user_id|s:1:\"1\";user_email|s:15:\"owner@gmail.com\";user_role|s:1:\"1\";user_outlet|s:1:\"0\";"),
("eea45082949689e170ff73b0af6013ff5801c39b","::1","1509991288","__ci_last_regenerate|i:1509991030;sessionid|s:3:\"pos\";user_id|s:1:\"1\";user_email|s:15:\"owner@gmail.com\";user_role|s:1:\"1\";user_outlet|s:1:\"0\";"),
("059864ccbc1e09b5a01ece7ec51e4d1c11c892c7","::1","1509990984","__ci_last_regenerate|i:1509990684;sessionid|s:3:\"pos\";user_id|s:1:\"1\";user_email|s:15:\"owner@gmail.com\";user_role|s:1:\"1\";user_outlet|s:1:\"0\";"),
("2a9509db7c3ab3a73e553ede8aadb5c5a563fa38","::1","1509990681","__ci_last_regenerate|i:1509990382;sessionid|s:3:\"pos\";user_id|s:1:\"1\";user_email|s:15:\"owner@gmail.com\";user_role|s:1:\"1\";user_outlet|s:1:\"0\";"),
("5834ef69612c48c29fc0f98d4f2ef92f912333cc","::1","1509989867","__ci_last_regenerate|i:1509989658;sessionid|s:3:\"pos\";user_id|s:1:\"1\";user_email|s:15:\"owner@gmail.com\";user_role|s:1:\"1\";user_outlet|s:1:\"0\";"),
("980c0378db68da3e0c61a2007f321501d796223c","::1","1509989348","__ci_last_regenerate|i:1509989139;sessionid|s:3:\"pos\";user_id|s:1:\"1\";user_email|s:15:\"owner@gmail.com\";user_role|s:1:\"1\";user_outlet|s:1:\"0\";"),
("b2204e17024f402c4bd9dd86eb9f09fb34b00ecf","::1","1509988761","__ci_last_regenerate|i:1509988694;sessionid|s:3:\"pos\";user_id|s:1:\"1\";user_email|s:15:\"owner@gmail.com\";user_role|s:1:\"1\";user_outlet|s:1:\"0\";"),
("3101bd7bf14c58dd29cf7db57fbc1f6643f597f2","::1","1509988531","__ci_last_regenerate|i:1509988325;sessionid|s:3:\"pos\";user_id|s:1:\"1\";user_email|s:15:\"owner@gmail.com\";user_role|s:1:\"1\";user_outlet|s:1:\"0\";"),
("ea229be179f2b1193a71d0994d216cd08b6be331","::1","1509988061","__ci_last_regenerate|i:1509987838;sessionid|s:3:\"pos\";user_id|s:1:\"1\";user_email|s:15:\"owner@gmail.com\";user_role|s:1:\"1\";user_outlet|s:1:\"0\";"),
("87992e700b05827d71276c72aadd78b67f8e1725","::1","1509986880","__ci_last_regenerate|i:1509986691;sessionid|s:3:\"pos\";user_id|s:1:\"1\";user_email|s:15:\"owner@gmail.com\";user_role|s:1:\"1\";user_outlet|s:1:\"0\";"),
("22dd7bd0037685e7dcb88dbd24a9a293e57c78f7","::1","1509734604","__ci_last_regenerate|i:1509734604;"),
("d4c48665f52e9368354f2621ac669576e290b403","::1","1509986212","__ci_last_regenerate|i:1509986212;"),
("ddf1a20c2ec1d63def1ab4d1c692e36acefec3dd","::1","1509734372","__ci_last_regenerate|i:1509734087;sessionid|s:3:\"pos\";user_id|s:1:\"1\";user_email|s:15:\"owner@gmail.com\";user_role|s:1:\"1\";user_outlet|s:1:\"0\";"),
("f8b136f95aed4a59843330202a5bdb2ec330925d","::1","1509734060","__ci_last_regenerate|i:1509733767;sessionid|s:3:\"pos\";user_id|s:1:\"1\";user_email|s:15:\"owner@gmail.com\";user_role|s:1:\"1\";user_outlet|s:1:\"0\";"),
("da2957f6fe79d4825a9a93844cbdb831eb9f2e9d","::1","1509733760","__ci_last_regenerate|i:1509733461;sessionid|s:3:\"pos\";user_id|s:1:\"1\";user_email|s:15:\"owner@gmail.com\";user_role|s:1:\"1\";user_outlet|s:1:\"0\";"),
("84ab67f45c01864ce1b12cf0e6999f011aa2fc9c","::1","1509733410","__ci_last_regenerate|i:1509733027;sessionid|s:3:\"pos\";user_id|s:1:\"1\";user_email|s:15:\"owner@gmail.com\";user_role|s:1:\"1\";user_outlet|s:1:\"0\";"),
("5e1f84b1bfb44bc0113ba66f21549894e35a0990","::1","1509733023","__ci_last_regenerate|i:1509732319;sessionid|s:3:\"pos\";user_id|s:1:\"1\";user_email|s:15:\"owner@gmail.com\";user_role|s:1:\"1\";user_outlet|s:1:\"0\";"),
("3628fbf85b4e3e58a659a223d89fd10145d4e7b0","::1","1509732312","__ci_last_regenerate|i:1509732013;sessionid|s:3:\"pos\";user_id|s:1:\"1\";user_email|s:15:\"owner@gmail.com\";user_role|s:1:\"1\";user_outlet|s:1:\"0\";"),
("a8e5fa210310d632883ef32e5acd0bf8ad88b496","::1","1509731683","__ci_last_regenerate|i:1509731683;sessionid|s:3:\"pos\";user_id|s:1:\"1\";user_email|s:15:\"owner@gmail.com\";user_role|s:1:\"1\";user_outlet|s:1:\"0\";"),
("6534ed0017dd78ae8bd3c8fa64ac8cae9bfaccad","::1","1509731664","__ci_last_regenerate|i:1509731372;sessionid|s:3:\"pos\";user_id|s:1:\"1\";user_email|s:15:\"owner@gmail.com\";user_role|s:1:\"1\";user_outlet|s:1:\"0\";"),
("fffc2e6108ed0d7b8ad497128a7798be15996ab9","::1","1509731352","__ci_last_regenerate|i:1509731066;sessionid|s:3:\"pos\";user_id|s:1:\"1\";user_email|s:15:\"owner@gmail.com\";user_role|s:1:\"1\";user_outlet|s:1:\"0\";alert_msg|a:3:{i:0;s:7:\"success\";i:1;s:14:\"Submit Payment\";i:2;s:26:\"Successfully Made Payment.\";}__ci_vars|a:1:{s:9:\"alert_msg\";s:3:\"old\";}"),
("b1be356999e70c78ba4a6305e43f5929c96af12c","::1","1509730806","__ci_last_regenerate|i:1509730513;sessionid|s:3:\"pos\";user_id|s:1:\"1\";user_email|s:15:\"owner@gmail.com\";user_role|s:1:\"1\";user_outlet|s:1:\"0\";"),
("452edef2787f993c2a7cce2719efcf048631ef80","::1","1509730403","__ci_last_regenerate|i:1509730135;sessionid|s:3:\"pos\";user_id|s:1:\"1\";user_email|s:15:\"owner@gmail.com\";user_role|s:1:\"1\";user_outlet|s:1:\"0\";"),
("60461162d282cb8ba47c1be14b3b6bfe1a26ccf6","::1","1509700623","__ci_last_regenerate|i:1509700575;sessionid|s:3:\"pos\";user_id|s:1:\"1\";user_email|s:15:\"owner@gmail.com\";user_role|s:1:\"1\";user_outlet|s:1:\"0\";"),
("c97e4cad89763ed4feb59844258f5ff0b02cb369","::1","1509649430","__ci_last_regenerate|i:1509649282;sessionid|s:3:\"pos\";user_id|s:1:\"1\";user_email|s:15:\"owner@gmail.com\";user_role|s:1:\"1\";user_outlet|s:1:\"0\";"),
("0bb7be1190b5d48350ba3cc8d7673a5584e99c4b","::1","1509649245","__ci_last_regenerate|i:1509648974;sessionid|s:3:\"pos\";user_id|s:1:\"1\";user_email|s:15:\"owner@gmail.com\";user_role|s:1:\"1\";user_outlet|s:1:\"0\";"),
("a013df03022027b483f373043d5eec98107f5b0d","::1","1509648965","__ci_last_regenerate|i:1509648666;sessionid|s:3:\"pos\";user_id|s:1:\"1\";user_email|s:15:\"owner@gmail.com\";user_role|s:1:\"1\";user_outlet|s:1:\"0\";"),
("46fb4f71cf50f0d0683666f63e1e64875ecbbb95","::1","1509648434","__ci_last_regenerate|i:1509648309;sessionid|s:3:\"pos\";user_id|s:1:\"1\";user_email|s:15:\"owner@gmail.com\";user_role|s:1:\"1\";user_outlet|s:1:\"0\";"),
("91a8780aeca44458435ee866be7552a8598f931d","::1","1509647940","__ci_last_regenerate|i:1509647720;sessionid|s:3:\"pos\";user_id|s:1:\"1\";user_email|s:15:\"owner@gmail.com\";user_role|s:1:\"1\";user_outlet|s:1:\"0\";"),
("364407a88d019d722279b6d43049261795a4ef27","::1","1509647572","__ci_last_regenerate|i:1509647282;sessionid|s:3:\"pos\";user_id|s:1:\"1\";user_email|s:15:\"owner@gmail.com\";user_role|s:1:\"1\";user_outlet|s:1:\"0\";"),
("69affec287c336ccd2b3365ae4d1b125db681f14","::1","1509647033","__ci_last_regenerate|i:1509646931;sessionid|s:3:\"pos\";user_id|s:1:\"1\";user_email|s:15:\"owner@gmail.com\";user_role|s:1:\"1\";user_outlet|s:1:\"0\";"),
("e625582fbe67454513456faf86715df9cc75c566","::1","1509646697","__ci_last_regenerate|i:1509646450;sessionid|s:3:\"pos\";user_id|s:1:\"1\";user_email|s:15:\"owner@gmail.com\";user_role|s:1:\"1\";user_outlet|s:1:\"0\";"),
("7145e846eeb44fdb3870bed91f75693df0f33225","::1","1509644737","__ci_last_regenerate|i:1509644488;sessionid|s:3:\"pos\";user_id|s:1:\"1\";user_email|s:15:\"owner@gmail.com\";user_role|s:1:\"1\";user_outlet|s:1:\"0\";"),
("459b6f572339cee68bf175a8fb25837becf11ebb","::1","1509644822","__ci_last_regenerate|i:1509644795;sessionid|s:3:\"pos\";user_id|s:1:\"1\";user_email|s:15:\"owner@gmail.com\";user_role|s:1:\"1\";user_outlet|s:1:\"0\";"),
("3c2c5b0624d147d16bb7abd280c53ec2eac91dea","::1","1509644187","__ci_last_regenerate|i:1509643917;sessionid|s:3:\"pos\";user_id|s:1:\"1\";user_email|s:15:\"owner@gmail.com\";user_role|s:1:\"1\";user_outlet|s:1:\"0\";"),
("cabfe9c6052af06553b25810f726c4e623bde10d","::1","1509646140","__ci_last_regenerate|i:1509645971;sessionid|s:3:\"pos\";user_id|s:1:\"1\";user_email|s:15:\"owner@gmail.com\";user_role|s:1:\"1\";user_outlet|s:1:\"0\";"),
("2c1538f1b52d1df9b5061f1dc1134ca426247b3f","::1","1509642947","__ci_last_regenerate|i:1509642833;sessionid|s:3:\"pos\";user_id|s:1:\"1\";user_email|s:15:\"owner@gmail.com\";user_role|s:1:\"1\";user_outlet|s:1:\"0\";"),
("3a1d6bd7294cfb8450d9aa41be1b0ff2d1513c59","::1","1509643558","__ci_last_regenerate|i:1509643412;sessionid|s:3:\"pos\";user_id|s:1:\"1\";user_email|s:15:\"owner@gmail.com\";user_role|s:1:\"1\";user_outlet|s:1:\"0\";"),
("87e2235f2b3f94f44a8830588a2d51f32d6980ed","::1","1509642197","__ci_last_regenerate|i:1509642101;sessionid|s:3:\"pos\";user_id|s:1:\"1\";user_email|s:15:\"owner@gmail.com\";user_role|s:1:\"1\";user_outlet|s:1:\"0\";"),
("42b21128048a08fe8cb884679f3cdacc965c937d","::1","1509642508","__ci_last_regenerate|i:1509642508;sessionid|s:3:\"pos\";user_id|s:1:\"1\";user_email|s:15:\"owner@gmail.com\";user_role|s:1:\"1\";user_outlet|s:1:\"0\";"),
("5407d434fdd5ddc3a93a64984221ebb81486ce8a","::1","1509641847","__ci_last_regenerate|i:1509641799;sessionid|s:3:\"pos\";user_id|s:1:\"1\";user_email|s:15:\"owner@gmail.com\";user_role|s:1:\"1\";user_outlet|s:1:\"0\";"),
("f43a4eb9ce6ae370407bea0d408e769a4bc652f5","::1","1509641730","__ci_last_regenerate|i:1509641465;sessionid|s:3:\"pos\";user_id|s:1:\"1\";user_email|s:15:\"owner@gmail.com\";user_role|s:1:\"1\";user_outlet|s:1:\"0\";"),
("23e4301ebbb6ddab4676ed6e608a8b6dd7bd622f","::1","1509566237","__ci_last_regenerate|i:1509566130;sessionid|s:3:\"pos\";user_id|s:1:\"1\";user_email|s:15:\"owner@gmail.com\";user_role|s:1:\"1\";user_outlet|s:1:\"0\";"),
("67c119cc9d8ec2690a47feb1388f6b21b3a910ab","::1","1509566044","__ci_last_regenerate|i:1509565798;sessionid|s:3:\"pos\";user_id|s:1:\"1\";user_email|s:15:\"owner@gmail.com\";user_role|s:1:\"1\";user_outlet|s:1:\"0\";"),
("d5d0a565740424bb459e741aad600a93fd3b4a1c","::1","1509565772","__ci_last_regenerate|i:1509565488;sessionid|s:3:\"pos\";user_id|s:1:\"1\";user_email|s:15:\"owner@gmail.com\";user_role|s:1:\"1\";user_outlet|s:1:\"0\";"),
("7e32e4eac3a5282e88969228e6be3e61d7636d21","::1","1509565412","__ci_last_regenerate|i:1509565135;sessionid|s:3:\"pos\";user_id|s:1:\"1\";user_email|s:15:\"owner@gmail.com\";user_role|s:1:\"1\";user_outlet|s:1:\"0\";"),
("0b84735e5ef4c89a105e43f77fa0d06ded0f4f45","::1","1509565057","__ci_last_regenerate|i:1509564777;sessionid|s:3:\"pos\";user_id|s:1:\"1\";user_email|s:15:\"owner@gmail.com\";user_role|s:1:\"1\";user_outlet|s:1:\"0\";"),
("a14be8ee7cfee5d7dea4cc56837bf652a9d445b0","::1","1509564774","__ci_last_regenerate|i:1509564412;sessionid|s:3:\"pos\";user_id|s:1:\"1\";user_email|s:15:\"owner@gmail.com\";user_role|s:1:\"1\";user_outlet|s:1:\"0\";"),
("d723b46077e5bbbfcd6348c00f5b371be221c985","::1","1509564220","__ci_last_regenerate|i:1509564094;sessionid|s:3:\"pos\";user_id|s:1:\"1\";user_email|s:15:\"owner@gmail.com\";user_role|s:1:\"1\";user_outlet|s:1:\"0\";"),
("bf368a094e17cd312297d45bd57e92dea791e6a7","::1","1509564091","__ci_last_regenerate|i:1509563752;sessionid|s:3:\"pos\";user_id|s:1:\"1\";user_email|s:15:\"owner@gmail.com\";user_role|s:1:\"1\";user_outlet|s:1:\"0\";"),
("d6ca6344a143b2830f5fd30e00a8bb4610e5d66c","::1","1509563727","__ci_last_regenerate|i:1509563432;sessionid|s:3:\"pos\";user_id|s:1:\"1\";user_email|s:15:\"owner@gmail.com\";user_role|s:1:\"1\";user_outlet|s:1:\"0\";"),
("4927e242b0ed5b15370239f4edf6b58f351d81ee","::1","1509562902","__ci_last_regenerate|i:1509562627;sessionid|s:3:\"pos\";user_id|s:1:\"1\";user_email|s:15:\"owner@gmail.com\";user_role|s:1:\"1\";user_outlet|s:1:\"0\";"),
("a50a8e75f283383018d9971e92305c1ae437f6e5","::1","1509562463","__ci_last_regenerate|i:1509562268;sessionid|s:3:\"pos\";user_id|s:1:\"1\";user_email|s:15:\"owner@gmail.com\";user_role|s:1:\"1\";user_outlet|s:1:\"0\";"),
("53efa02bc9d4b119908a0dc49c46099ad0e07f6a","::1","1509561641","__ci_last_regenerate|i:1509561557;sessionid|s:3:\"pos\";user_id|s:1:\"1\";user_email|s:15:\"owner@gmail.com\";user_role|s:1:\"1\";user_outlet|s:1:\"0\";"),
("5c436d0ec1b9d1ad7ed3c294d247f71d7491b2a9","::1","1509561396","__ci_last_regenerate|i:1509560952;sessionid|s:3:\"pos\";user_id|s:1:\"1\";user_email|s:15:\"owner@gmail.com\";user_role|s:1:\"1\";user_outlet|s:1:\"0\";"),
("09eeaea4566fbca6feb0996c7011c47b8cf040a2","::1","1509561922","__ci_last_regenerate|i:1509561903;sessionid|s:3:\"pos\";user_id|s:1:\"1\";user_email|s:15:\"owner@gmail.com\";user_role|s:1:\"1\";user_outlet|s:1:\"0\";"),
("eed018c02aeed3b01cd85b7072d317bc7ceeb09f","::1","1509560881","__ci_last_regenerate|i:1509560593;sessionid|s:3:\"pos\";user_id|s:1:\"1\";user_email|s:15:\"owner@gmail.com\";user_role|s:1:\"1\";user_outlet|s:1:\"0\";"),
("07864b2016d970acb4f8719bc3825d1b7abc4dc9","::1","1509560546","__ci_last_regenerate|i:1509560276;sessionid|s:3:\"pos\";user_id|s:1:\"1\";user_email|s:15:\"owner@gmail.com\";user_role|s:1:\"1\";user_outlet|s:1:\"0\";alert_msg|a:3:{i:0;s:7:\"success\";i:1;s:12:\"Delete Sales\";i:2;s:27:\"Successfully Deleted Sales.\";}__ci_vars|a:1:{s:9:\"alert_msg\";s:3:\"old\";}"),
("bdcd26bb6d7d42121d2f6292c2890cd9abdfbb8e","::1","1509560229","__ci_last_regenerate|i:1509559975;sessionid|s:3:\"pos\";user_id|s:1:\"1\";user_email|s:15:\"owner@gmail.com\";user_role|s:1:\"1\";user_outlet|s:1:\"0\";"),
("ee7652fd1bdb633ba42897d0b729e69adeb71627","::1","1509559444","__ci_last_regenerate|i:1509559438;sessionid|s:3:\"pos\";user_id|s:1:\"1\";user_email|s:15:\"owner@gmail.com\";user_role|s:1:\"1\";user_outlet|s:1:\"0\";"),
("69965c4ef4e71f8df1dd01bb6f52585134fba546","::1","1509559132","__ci_last_regenerate|i:1509558982;sessionid|s:3:\"pos\";user_id|s:1:\"1\";user_email|s:15:\"owner@gmail.com\";user_role|s:1:\"1\";user_outlet|s:1:\"0\";"),
("aa1db9f7f9acf43d93e08761406c49e35b2c9193","::1","1509551564","__ci_last_regenerate|i:1509551044;sessionid|s:3:\"pos\";user_id|s:1:\"1\";user_email|s:15:\"owner@gmail.com\";user_role|s:1:\"1\";user_outlet|s:1:\"0\";"),
("19e669b3d2bc2682f93cfe3726ba5f99d807021d","::1","1509551871","__ci_last_regenerate|i:1509551571;sessionid|s:3:\"pos\";user_id|s:1:\"1\";user_email|s:15:\"owner@gmail.com\";user_role|s:1:\"1\";user_outlet|s:1:\"0\";"),
("0960cb6d6fa174e637590b82274630eecfc8792e","::1","1509551886","__ci_last_regenerate|i:1509551874;sessionid|s:3:\"pos\";user_id|s:1:\"1\";user_email|s:15:\"owner@gmail.com\";user_role|s:1:\"1\";user_outlet|s:1:\"0\";"),
("c088d6a6725fa553ca62d9d725f7b24ef077e537","::1","1509553350","__ci_last_regenerate|i:1509553295;sessionid|s:3:\"pos\";user_id|s:1:\"1\";user_email|s:15:\"owner@gmail.com\";user_role|s:1:\"1\";user_outlet|s:1:\"0\";"),
("b8e4eb33e47c386cfa8b7c465364a9083e143afa","::1","1509553772","__ci_last_regenerate|i:1509553662;sessionid|s:3:\"pos\";user_id|s:1:\"1\";user_email|s:15:\"owner@gmail.com\";user_role|s:1:\"1\";user_outlet|s:1:\"0\";"),
("b82c9d472ccc04be4c396fa1f04121d233b90d3d","::1","1509554391","__ci_last_regenerate|i:1509554088;sessionid|s:3:\"pos\";user_id|s:1:\"1\";user_email|s:15:\"owner@gmail.com\";user_role|s:1:\"1\";user_outlet|s:1:\"0\";"),
("31837ab37b7664cd0f56d00b0d41ff6f6b5133d5","::1","1509554780","__ci_last_regenerate|i:1509554559;sessionid|s:3:\"pos\";user_id|s:1:\"1\";user_email|s:15:\"owner@gmail.com\";user_role|s:1:\"1\";user_outlet|s:1:\"0\";"),
("639deffdd7e3822d1b063517dce6706464b45ca6","::1","1509555175","__ci_last_regenerate|i:1509554947;sessionid|s:3:\"pos\";user_id|s:1:\"1\";user_email|s:15:\"owner@gmail.com\";user_role|s:1:\"1\";user_outlet|s:1:\"0\";"),
("508942aa3fc52fc95e03a4cbcd1143ede6704a7a","::1","1509555755","__ci_last_regenerate|i:1509555575;sessionid|s:3:\"pos\";user_id|s:1:\"1\";user_email|s:15:\"owner@gmail.com\";user_role|s:1:\"1\";user_outlet|s:1:\"0\";"),
("68fbd2de559ab8be4f1b4bf30fbc793f3506dcd6","::1","1509556180","__ci_last_regenerate|i:1509555883;sessionid|s:3:\"pos\";user_id|s:1:\"1\";user_email|s:15:\"owner@gmail.com\";user_role|s:1:\"1\";user_outlet|s:1:\"0\";"),
("603184ddf70270d7c11f43447921b24bb2abd6fe","::1","1509556452","__ci_last_regenerate|i:1509556208;sessionid|s:3:\"pos\";user_id|s:1:\"1\";user_email|s:15:\"owner@gmail.com\";user_role|s:1:\"1\";user_outlet|s:1:\"0\";"),
("90e23080817d2e017d29cc1332ffca604be33968","::1","1509556684","__ci_last_regenerate|i:1509556511;sessionid|s:3:\"pos\";user_id|s:1:\"1\";user_email|s:15:\"owner@gmail.com\";user_role|s:1:\"1\";user_outlet|s:1:\"0\";"),
("66f0628ed2bde395bf8d09e17304d6b9e16dd677","::1","1509557293","__ci_last_regenerate|i:1509557015;sessionid|s:3:\"pos\";user_id|s:1:\"1\";user_email|s:15:\"owner@gmail.com\";user_role|s:1:\"1\";user_outlet|s:1:\"0\";"),
("51f767c950b9f8c262251edf17e355f1df349d39","::1","1509558066","__ci_last_regenerate|i:1509557469;sessionid|s:3:\"pos\";user_id|s:1:\"1\";user_email|s:15:\"owner@gmail.com\";user_role|s:1:\"1\";user_outlet|s:1:\"0\";"),
("44db762a4313e3dee4be6435b8fb987d2777913b","::1","1509558372","__ci_last_regenerate|i:1509558114;sessionid|s:3:\"pos\";user_id|s:1:\"1\";user_email|s:15:\"owner@gmail.com\";user_role|s:1:\"1\";user_outlet|s:1:\"0\";"),
("2ad581581922c38d633d0d8450577bf584d2b75b","::1","1509558800","__ci_last_regenerate|i:1509558581;sessionid|s:3:\"pos\";user_id|s:1:\"1\";user_email|s:15:\"owner@gmail.com\";user_role|s:1:\"1\";user_outlet|s:1:\"0\";"),
("cf4baa00b870d7f236797a1d51b3a2e707b538c4","::1","1510084510","__ci_last_regenerate|i:1510084247;sessionid|s:3:\"pos\";user_id|s:1:\"1\";user_email|s:15:\"owner@gmail.com\";user_role|s:1:\"1\";user_outlet|s:1:\"0\";"),
("f0a1113a7166877ba2d48217997bee82e55a026c","::1","1510084782","__ci_last_regenerate|i:1510084751;sessionid|s:3:\"pos\";user_id|s:1:\"1\";user_email|s:15:\"owner@gmail.com\";user_role|s:1:\"1\";user_outlet|s:1:\"0\";"),
("e8a1accaf8199da14f6c38b40400df22633a0d8c","::1","1510085361","__ci_last_regenerate|i:1510085063;sessionid|s:3:\"pos\";user_id|s:1:\"1\";user_email|s:15:\"owner@gmail.com\";user_role|s:1:\"1\";user_outlet|s:1:\"0\";"),
("b20465298e958db0d2c139b76a1c714657b28c82","::1","1510085693","__ci_last_regenerate|i:1510085407;sessionid|s:3:\"pos\";user_id|s:1:\"1\";user_email|s:15:\"owner@gmail.com\";user_role|s:1:\"1\";user_outlet|s:1:\"0\";");
INSERT INTO ci_sessions VALUES
("55049d318c46465eb960d7a7fdac4f7d3c0c5470","::1","1510085944","__ci_last_regenerate|i:1510085761;sessionid|s:3:\"pos\";user_id|s:1:\"1\";user_email|s:15:\"owner@gmail.com\";user_role|s:1:\"1\";user_outlet|s:1:\"0\";alert_msg|a:3:{i:0;s:7:\"success\";i:1;s:14:\"Submit Payment\";i:2;s:26:\"Successfully Made Payment.\";}__ci_vars|a:1:{s:9:\"alert_msg\";s:3:\"old\";}"),
("18934ffd9e7bb8e2fbcc90afdc4aa514eaff2384","::1","1510122996","__ci_last_regenerate|i:1510122996;"),
("a8f8aafc512181f225be46acad803046d4374089","::1","1510126591","__ci_last_regenerate|i:1510126364;sessionid|s:3:\"pos\";user_id|s:1:\"1\";user_email|s:15:\"owner@gmail.com\";user_role|s:1:\"1\";user_outlet|s:1:\"0\";"),
("bc920c3a70ad0e931cdb44ee4cedf8f9b89a6e2a","::1","1510127300","__ci_last_regenerate|i:1510127300;sessionid|s:3:\"pos\";user_id|s:1:\"1\";user_email|s:15:\"owner@gmail.com\";user_role|s:1:\"1\";user_outlet|s:1:\"0\";"),
("f26f890ced9cae59a6b3423c95d736eb289ec37b","::1","1510127816","__ci_last_regenerate|i:1510127758;sessionid|s:3:\"pos\";user_id|s:1:\"1\";user_email|s:15:\"owner@gmail.com\";user_role|s:1:\"1\";user_outlet|s:1:\"0\";"),
("9020a750d0029c3ad27605a77d6a8d00f120fbc1","::1","1510128085","__ci_last_regenerate|i:1510128077;sessionid|s:3:\"pos\";user_id|s:1:\"1\";user_email|s:15:\"owner@gmail.com\";user_role|s:1:\"1\";user_outlet|s:1:\"0\";"),
("f49882b65112e9d768385eab035dc0b043c372a3","::1","1510128700","__ci_last_regenerate|i:1510128413;sessionid|s:3:\"pos\";user_id|s:1:\"1\";user_email|s:15:\"owner@gmail.com\";user_role|s:1:\"1\";user_outlet|s:1:\"0\";"),
("396b18265e1f7a865febdf6b24c3837a924c166c","::1","1510129078","__ci_last_regenerate|i:1510128785;sessionid|s:3:\"pos\";user_id|s:1:\"1\";user_email|s:15:\"owner@gmail.com\";user_role|s:1:\"1\";user_outlet|s:1:\"0\";"),
("a400eef85c70c5dbd0be1c351f116ca73cbf3f32","::1","1510129382","__ci_last_regenerate|i:1510129087;sessionid|s:3:\"pos\";user_id|s:1:\"1\";user_email|s:15:\"owner@gmail.com\";user_role|s:1:\"1\";user_outlet|s:1:\"0\";"),
("9abc7c2f31ab216bb500c78455cd2ef2a34b7f01","::1","1510129633","__ci_last_regenerate|i:1510129402;sessionid|s:3:\"pos\";user_id|s:1:\"1\";user_email|s:15:\"owner@gmail.com\";user_role|s:1:\"1\";user_outlet|s:1:\"0\";"),
("c65560acbeef9027f3025c3738da6a3ee1703223","::1","1510129826","__ci_last_regenerate|i:1510129704;sessionid|s:3:\"pos\";user_id|s:1:\"1\";user_email|s:15:\"owner@gmail.com\";user_role|s:1:\"1\";user_outlet|s:1:\"0\";"),
("5716f3716f4008778b26208d40d2897354ad5dcd","::1","1510130695","__ci_last_regenerate|i:1510130695;sessionid|s:3:\"pos\";user_id|s:1:\"1\";user_email|s:15:\"owner@gmail.com\";user_role|s:1:\"1\";user_outlet|s:1:\"0\";"),
("1e534549d12c7fb19b3ce94d2db6ec0777cd8202","::1","1510131576","__ci_last_regenerate|i:1510131424;sessionid|s:3:\"pos\";user_id|s:1:\"1\";user_email|s:15:\"owner@gmail.com\";user_role|s:1:\"1\";user_outlet|s:1:\"0\";"),
("73fb447ba6b9fe317d02b3de326fc5a762508308","::1","1510132097","__ci_last_regenerate|i:1510131814;sessionid|s:3:\"pos\";user_id|s:1:\"1\";user_email|s:15:\"owner@gmail.com\";user_role|s:1:\"1\";user_outlet|s:1:\"0\";"),
("0f9fc18bab19cbedd6528395fdb826326a5464e8","::1","1510132358","__ci_last_regenerate|i:1510132208;sessionid|s:3:\"pos\";user_id|s:1:\"1\";user_email|s:15:\"owner@gmail.com\";user_role|s:1:\"1\";user_outlet|s:1:\"0\";"),
("43207fa6e74c4428f4a72761e1ca7a14968227ae","::1","1510205574","__ci_last_regenerate|i:1510205574;"),
("ac61375fb35c241c6965039130777882f7c50b2e","::1","1510206286","__ci_last_regenerate|i:1510206242;sessionid|s:3:\"pos\";user_id|s:1:\"1\";user_email|s:15:\"owner@gmail.com\";user_role|s:1:\"1\";user_outlet|s:1:\"0\";alert_msg|a:9:{i:0;s:7:\"success\";i:1;s:12:\"Add New User\";i:2;s:69:\"Successfully Added New User Account with Email : fareed543@gmail.com.\";i:3;s:0:\"\";i:4;s:0:\"\";i:5;s:0:\"\";i:6;s:0:\"\";i:7;s:0:\"\";i:8;s:0:\"\";}__ci_vars|a:1:{s:9:\"alert_msg\";s:3:\"old\";}"),
("0049396ce9f4489c3cf9b09eb110d346ca8ead31","::1","1510206932","__ci_last_regenerate|i:1510206819;sessionid|s:3:\"pos\";user_id|s:1:\"1\";user_email|s:15:\"owner@gmail.com\";user_role|s:1:\"1\";user_outlet|s:1:\"0\";"),
("03a0cfcf41df75749c218b19e844b02a6cdeed30","::1","1510213199","__ci_last_regenerate|i:1510212995;sessionid|s:3:\"pos\";user_id|s:1:\"1\";user_email|s:15:\"owner@gmail.com\";user_role|s:1:\"1\";user_outlet|s:1:\"0\";"),
("7185673a0eb57cc7ce56626431255fd6d5ff750f","::1","1510216389","__ci_last_regenerate|i:1510216389;sessionid|s:3:\"pos\";user_id|s:1:\"1\";user_email|s:15:\"owner@gmail.com\";user_role|s:1:\"1\";user_outlet|s:1:\"0\";"),
("3913531d4dda07db298389f081ac128d0118f7e2","::1","1510217083","__ci_last_regenerate|i:1510216809;sessionid|s:3:\"pos\";user_id|s:1:\"1\";user_email|s:15:\"owner@gmail.com\";user_role|s:1:\"1\";user_outlet|s:1:\"0\";"),
("c1db31ac38900f2c22c86b455f62eca23b71462d","::1","1510217263","__ci_last_regenerate|i:1510217149;sessionid|s:3:\"pos\";user_id|s:1:\"1\";user_email|s:15:\"owner@gmail.com\";user_role|s:1:\"1\";user_outlet|s:1:\"0\";"),
("3e2f0a4d659ae719893e3f1336929c7d3c6e1604","::1","1510218032","__ci_last_regenerate|i:1510217780;sessionid|s:3:\"pos\";user_id|s:1:\"1\";user_email|s:15:\"owner@gmail.com\";user_role|s:1:\"1\";user_outlet|s:1:\"0\";"),
("2b5423b327f98ddbff5f60b8360a30ebd5e64078","::1","1510218206","__ci_last_regenerate|i:1510218091;sessionid|s:3:\"pos\";user_id|s:1:\"1\";user_email|s:15:\"owner@gmail.com\";user_role|s:1:\"1\";user_outlet|s:1:\"0\";"),
("63d012a25955ab0f0dbeba3c148d185d9bacf71d","::1","1510313411","__ci_last_regenerate|i:1510313338;sessionid|s:3:\"pos\";user_id|s:1:\"1\";user_email|s:15:\"owner@gmail.com\";user_role|s:1:\"1\";user_outlet|s:1:\"0\";"),
("112c858e817002aab6759a47c2f1f87f44598303","::1","1510313948","__ci_last_regenerate|i:1510313772;sessionid|s:3:\"pos\";user_id|s:1:\"1\";user_email|s:15:\"owner@gmail.com\";user_role|s:1:\"1\";user_outlet|s:1:\"0\";"),
("35dde96f7d9f665fcff97f8fbe5d39bc2fd316e5","::1","1510315518","__ci_last_regenerate|i:1510315283;sessionid|s:3:\"pos\";user_id|s:1:\"1\";user_email|s:15:\"owner@gmail.com\";user_role|s:1:\"1\";user_outlet|s:1:\"0\";"),
("5aea7f1e87105cb4f3e4f8fdb87ac059e67fe7d4","::1","1510315745","__ci_last_regenerate|i:1510315639;sessionid|s:3:\"pos\";user_id|s:1:\"1\";user_email|s:15:\"owner@gmail.com\";user_role|s:1:\"1\";user_outlet|s:1:\"0\";"),
("403ab2bae62a265ec6096f24d4b276b1dbd97007","::1","1510316515","__ci_last_regenerate|i:1510316271;sessionid|s:3:\"pos\";user_id|s:1:\"1\";user_email|s:15:\"owner@gmail.com\";user_role|s:1:\"1\";user_outlet|s:1:\"0\";"),
("94882756c04cdd3c7272f296bdaa3d50e2bdc390","::1","1510317269","__ci_last_regenerate|i:1510316985;sessionid|s:3:\"pos\";user_id|s:1:\"1\";user_email|s:15:\"owner@gmail.com\";user_role|s:1:\"1\";user_outlet|s:1:\"0\";"),
("0b308d1f92fa84a046397d9d24554e6b4890380c","::1","1510317607","__ci_last_regenerate|i:1510317404;sessionid|s:3:\"pos\";user_id|s:1:\"1\";user_email|s:15:\"owner@gmail.com\";user_role|s:1:\"1\";user_outlet|s:1:\"0\";"),
("9036b4d370e32c0ddd72bd4b8a84ee41c66149b7","::1","1510318040","__ci_last_regenerate|i:1510317750;sessionid|s:3:\"pos\";user_id|s:1:\"1\";user_email|s:15:\"owner@gmail.com\";user_role|s:1:\"1\";user_outlet|s:1:\"0\";"),
("f6de445945724fb99b2fac4bd5754b23b68cc949","::1","1510318202","__ci_last_regenerate|i:1510318071;sessionid|s:3:\"pos\";user_id|s:1:\"1\";user_email|s:15:\"owner@gmail.com\";user_role|s:1:\"1\";user_outlet|s:1:\"0\";"),
("47eaec35c63f63a90095ed0e723408007eafb969","::1","1510548238","__ci_last_regenerate|i:1510548052;sessionid|s:3:\"pos\";user_id|s:1:\"1\";user_email|s:15:\"owner@gmail.com\";user_role|s:1:\"1\";user_outlet|s:1:\"0\";"),
("2585b285c9061e6750a37d47fd7f0e5668fad176","::1","1510548678","__ci_last_regenerate|i:1510548402;sessionid|s:3:\"pos\";user_id|s:1:\"1\";user_email|s:15:\"owner@gmail.com\";user_role|s:1:\"1\";user_outlet|s:1:\"0\";"),
("1c96b364174a24a013d65c3eb905ff523f5056ed","::1","1510548773","__ci_last_regenerate|i:1510548737;sessionid|s:3:\"pos\";user_id|s:1:\"1\";user_email|s:15:\"owner@gmail.com\";user_role|s:1:\"1\";user_outlet|s:1:\"0\";"),
("565f33cd10e6a57cff5adf916b95dbdf51d38d1b","::1","1510549750","__ci_last_regenerate|i:1510549489;sessionid|s:3:\"pos\";user_id|s:1:\"1\";user_email|s:15:\"owner@gmail.com\";user_role|s:1:\"1\";user_outlet|s:1:\"0\";"),
("4795cef5577dc770878b7d4eed9af150cf72df83","::1","1510550143","__ci_last_regenerate|i:1510549852;sessionid|s:3:\"pos\";user_id|s:1:\"1\";user_email|s:15:\"owner@gmail.com\";user_role|s:1:\"1\";user_outlet|s:1:\"0\";"),
("ee3671cea523fac3c8371e59ddda2372317b4e13","::1","1510550199","__ci_last_regenerate|i:1510550199;"),
("f3c4a48d10435ebf94152692247e5a415e51c952","::1","1510551210","__ci_last_regenerate|i:1510551095;"),
("1d662b14c1994a262b691d3836aad241649e56f7","::1","1510552163","__ci_last_regenerate|i:1510551870;"),
("e1f3e20ceea24a9916287fc6d1e630cfe71c73ed","::1","1510552379","__ci_last_regenerate|i:1510552177;"),
("05864bdf8af28e93cce6ac1c8db12d9ca5f97a56","::1","1510554769","__ci_last_regenerate|i:1510554477;"),
("b2741d8ee38eb12ec5f00317c31194760fc2d599","::1","1510554900","__ci_last_regenerate|i:1510554810;"),
("b27208a0000ad24b05d4456d1fa9ceaf776b8719","::1","1510555571","__ci_last_regenerate|i:1510555567;"),
("66a58d422b2a2ce5d464bbb15bc6fc229818fb7d","::1","1510557087","__ci_last_regenerate|i:1510556791;"),
("a8b471d8894039e1e6f2e86111623f3b9062158d","::1","1510557453","__ci_last_regenerate|i:1510557162;"),
("6472b878a07d4e098fac96f559efafe68479d404","::1","1510557619","__ci_last_regenerate|i:1510557478;"),
("ab92618415e8dd26ec4ddadc000d7c02fbc2270e","::1","1510558098","__ci_last_regenerate|i:1510557919;"),
("e93b1aedf282c4850c1226002521ef39c34ac8f2","::1","1510558298","__ci_last_regenerate|i:1510558298;"),
("49f7e2c7bc3b7759ecfe1fdb8d7401dd6a0b184d","::1","1510558996","__ci_last_regenerate|i:1510558989;"),
("e5534f52f7715716d00cde142e45d9deefe55a1a","::1","1510561373","__ci_last_regenerate|i:1510561105;"),
("5b46ba30d5fab11cb5c47c126e99fcc0a5997069","::1","1510561724","__ci_last_regenerate|i:1510561433;"),
("028dc3c4100eccf09a1b6268ebc7a0d93a79a6b6","::1","1510561929","__ci_last_regenerate|i:1510561735;"),
("4b0737157903f20e3039a8a4328e0f042e870415","::1","1510564076","__ci_last_regenerate|i:1510563806;"),
("55f34dc2b815bf2ac4e2f459e7295e00b3c0b640","::1","1510564414","__ci_last_regenerate|i:1510564133;"),
("3066efc7919d703578dbef847ff85a6b4293e612","::1","1510564722","__ci_last_regenerate|i:1510564438;"),
("1e4d2ac1395c925759270b24158589a2368a3385","::1","1510564821","__ci_last_regenerate|i:1510564783;sessionid|s:3:\"pos\";user_id|s:2:\"14\";user_email|s:15:\"sales@sales.com\";user_role|s:1:\"3\";user_outlet|s:1:\"3\";"),
("64bb68f77fee606a63c2bc60d18d0839881d5bbb","::1","1510565486","__ci_last_regenerate|i:1510565213;sessionid|s:3:\"pos\";user_id|s:2:\"14\";user_email|s:15:\"sales@sales.com\";user_role|s:1:\"3\";user_outlet|s:1:\"3\";alert_msg|a:3:{i:0;s:7:\"success\";i:1;s:11:\"Update User\";i:2;s:33:\"Successfully Updated User Detail.\";}__ci_vars|a:1:{s:9:\"alert_msg\";s:3:\"old\";}"),
("178abfa52f2daa9389b7c85224518eb216a856bb","::1","1510565558","__ci_last_regenerate|i:1510565545;sessionid|s:3:\"pos\";user_id|s:2:\"15\";user_email|s:19:\"fareed543@gmail.com\";user_role|s:1:\"1\";user_outlet|s:1:\"0\";"),
("5e25554d5c0f35a0350e58d3834b6204faa6fc40","::1","1510572241","__ci_last_regenerate|i:1510572115;sessionid|s:3:\"pos\";user_id|s:1:\"1\";user_email|s:15:\"owner@gmail.com\";user_role|s:1:\"1\";user_outlet|s:1:\"0\";"),
("688789e89084ce5157d9881d79a526a29f4bc513","::1","1510566437","__ci_last_regenerate|i:1510566437;"),
("b092357a4d10b4ba7ded40539b335172938d54b2","::1","1510572004","__ci_last_regenerate|i:1510571807;sessionid|s:3:\"pos\";user_id|s:1:\"1\";user_email|s:15:\"owner@gmail.com\";user_role|s:1:\"1\";user_outlet|s:1:\"0\";"),
("d38afcf39ab8dcc7d7dd2364f8fd468c131a10ec","::1","1510572952","__ci_last_regenerate|i:1510572702;sessionid|s:3:\"pos\";user_id|s:1:\"1\";user_email|s:15:\"owner@gmail.com\";user_role|s:1:\"1\";user_outlet|s:1:\"0\";"),
("7ec63a683a9caac1603c6a831355b1b062740a23","::1","1510573272","__ci_last_regenerate|i:1510573003;sessionid|s:3:\"pos\";user_id|s:1:\"1\";user_email|s:15:\"owner@gmail.com\";user_role|s:1:\"1\";user_outlet|s:1:\"0\";"),
("01cc62160334c912dbd97972e57b2d6e8054160f","::1","1510573423","__ci_last_regenerate|i:1510573356;sessionid|s:3:\"pos\";user_id|s:1:\"1\";user_email|s:15:\"owner@gmail.com\";user_role|s:1:\"1\";user_outlet|s:1:\"0\";"),
("7867616861233d6677d8d57e84ce8ad81a46811d","::1","1510574025","__ci_last_regenerate|i:1510573742;sessionid|s:3:\"pos\";user_id|s:1:\"1\";user_email|s:15:\"owner@gmail.com\";user_role|s:1:\"1\";user_outlet|s:1:\"0\";"),
("d793cdded6d30bb29df557f0ac63b0e2f1477fc0","::1","1510574316","__ci_last_regenerate|i:1510574052;sessionid|s:3:\"pos\";user_id|s:1:\"1\";user_email|s:15:\"owner@gmail.com\";user_role|s:1:\"1\";user_outlet|s:1:\"0\";"),
("4fe91dfdf8635c13fa7a5c9d056089b7a6058a3e","::1","1510632608","__ci_last_regenerate|i:1510632261;sessionid|s:3:\"pos\";user_id|s:1:\"1\";user_email|s:15:\"owner@gmail.com\";user_role|s:1:\"1\";user_outlet|s:1:\"0\";"),
("f1df1f6376031e7c97acd713015a6df784b58387","::1","1510632645","__ci_last_regenerate|i:1510632615;sessionid|s:3:\"pos\";user_id|s:1:\"1\";user_email|s:15:\"owner@gmail.com\";user_role|s:1:\"1\";user_outlet|s:1:\"0\";"),
("aedd3a192f33b524c1be01b3278ce7d9cf50e2cc","::1","1510634129","__ci_last_regenerate|i:1510633816;sessionid|s:3:\"pos\";user_id|s:1:\"1\";user_email|s:15:\"owner@gmail.com\";user_role|s:1:\"1\";user_outlet|s:1:\"0\";"),
("dafc5551d2d07db5ad6469fa71f4a983a9814b78","::1","1510634716","__ci_last_regenerate|i:1510634526;sessionid|s:3:\"pos\";user_id|s:1:\"1\";user_email|s:15:\"owner@gmail.com\";user_role|s:1:\"1\";user_outlet|s:1:\"0\";"),
("1d095bb193df9f6b32e15c67701388324b538e75","::1","1510648332","__ci_last_regenerate|i:1510648056;sessionid|s:3:\"pos\";user_id|s:1:\"1\";user_email|s:15:\"owner@gmail.com\";user_role|s:1:\"1\";user_outlet|s:1:\"0\";"),
("758ab27c3eedbc2e862e025e3e8243f96447db5f","::1","1510648641","__ci_last_regenerate|i:1510648360;sessionid|s:3:\"pos\";user_id|s:1:\"1\";user_email|s:15:\"owner@gmail.com\";user_role|s:1:\"1\";user_outlet|s:1:\"0\";"),
("e4e58e1a7a406b72a5ffd611a44ea25c46b7440d","::1","1510648891","__ci_last_regenerate|i:1510648687;sessionid|s:3:\"pos\";user_id|s:1:\"1\";user_email|s:15:\"owner@gmail.com\";user_role|s:1:\"1\";user_outlet|s:1:\"0\";"),
("7dfd720ed7f1cd5e7e4e26ff1fe88be16359bfa9","::1","1510730484","__ci_last_regenerate|i:1510730316;sessionid|s:3:\"pos\";user_id|s:1:\"1\";user_email|s:15:\"owner@gmail.com\";user_role|s:1:\"1\";user_outlet|s:1:\"0\";"),
("9d515b23d511efa6e9dae7f8ddb47249bb2c1f95","::1","1510649151","__ci_last_regenerate|i:1510649111;sessionid|s:3:\"pos\";user_id|s:1:\"1\";user_email|s:15:\"owner@gmail.com\";user_role|s:1:\"1\";user_outlet|s:1:\"0\";alert_msg|a:3:{i:0;s:7:\"success\";i:1;s:11:\"Update User\";i:2;s:33:\"Successfully Updated User Detail.\";}__ci_vars|a:1:{s:9:\"alert_msg\";s:3:\"old\";}"),
("ae3d1f877a4ade36f8669cb3b34c6c17c133db70","::1","1510730909","__ci_last_regenerate|i:1510730773;sessionid|s:3:\"pos\";user_id|s:1:\"1\";user_email|s:15:\"owner@gmail.com\";user_role|s:1:\"1\";user_outlet|s:1:\"0\";"),
("1f0d1e84158035664b57d6b396d274e92148688a","::1","1510731222","__ci_last_regenerate|i:1510731220;sessionid|s:3:\"pos\";user_id|s:1:\"1\";user_email|s:15:\"owner@gmail.com\";user_role|s:1:\"1\";user_outlet|s:1:\"0\";"),
("a26ec831132384bd44a630f75d5e34005d1c9c45","::1","1510731572","__ci_last_regenerate|i:1510731572;"),
("9168f5367bb529459c82771f90802ac029c5e73e","::1","1510732348","__ci_last_regenerate|i:1510732265;sessionid|s:3:\"pos\";user_id|s:1:\"1\";user_email|s:15:\"owner@gmail.com\";user_role|s:1:\"1\";user_outlet|s:1:\"0\";"),
("0142b29d2873caa5155d94207d06ae3871f03d6c","::1","1510732627","__ci_last_regenerate|i:1510732627;sessionid|s:3:\"pos\";user_id|s:1:\"1\";user_email|s:15:\"owner@gmail.com\";user_role|s:1:\"1\";user_outlet|s:1:\"0\";"),
("fe9ae198bca9368752975cdc4cd4fe28d12c19de","::1","1510737372","__ci_last_regenerate|i:1510737164;"),
("07c30127b976627fba765ddb170e03a233d4a80e","10.180.82.154","1510737668","__ci_last_regenerate|i:1510737649;"),
("c51bb7134154c929a07c2cd7f026fb141d2efe83","10.180.82.67","1510737801","__ci_last_regenerate|i:1510737801;"),
("a20710949211512dd1f04caca097258c879155f9","10.180.82.67","1510737874","__ci_last_regenerate|i:1510737874;"),
("f56924ce9267cdf7ec205f68c9165e4c4960a6ad","10.180.82.154","1510741570","__ci_last_regenerate|i:1510741560;"),
("fb200a5f2025a027abac3be8648f8958f8559b1c","10.180.82.154","1510742065","__ci_last_regenerate|i:1510741917;"),
("3c1ac2072afa6aa91f406c4c818e087b2a3ce36d","10.180.82.154","1510742407","__ci_last_regenerate|i:1510742394;"),
("b837c65c911341b5ae8d08a866c713b228388f9a","10.180.82.154","1510744604","__ci_last_regenerate|i:1510744568;"),
("c70cbe6d4dc7c384f20edd0b3db3e05659b516bf","::1","1510745022","__ci_last_regenerate|i:1510744727;"),
("4b0d1538531b34477a7273c07732592833f41bc7","::1","1510745048","__ci_last_regenerate|i:1510745029;"),
("041d8582c03099634e533fd072ae2040cb9c877d","10.180.82.154","1510745861","__ci_last_regenerate|i:1510745722;"),
("3d15435753fd772291d979e3646134cf6666e279","::1","1510746048","__ci_last_regenerate|i:1510745916;"),
("ec2291d9a6de5c675da8cec894afebf2b711fc36","::1","1510758644","__ci_last_regenerate|i:1510758518;"),
("01387b654db684efc566d6eb6f54e483a7bdc9d6","10.180.82.8","1510758640","__ci_last_regenerate|i:1510758640;"),
("501a11e2fc5eaaa19bcc5a8c22fea6275b11155d","10.180.82.8","1510758749","__ci_last_regenerate|i:1510758749;"),
("51a6fa7de86bf79ec5338c1a31da6ae78e0f361e","10.180.82.8","1510758752","__ci_last_regenerate|i:1510758752;"),
("92b1086ab995e1e3091234c5afec8ea7cb887032","10.180.82.8","1510759062","__ci_last_regenerate|i:1510759062;"),
("1a5bf62b150f415e61a45e22079fa0fa472301f4","10.180.82.8","1510759109","__ci_last_regenerate|i:1510759109;");
INSERT INTO ci_sessions VALUES
("7e71be045f8751fe301f89fbe8c5bf88b5da0252","10.180.82.8","1510759111","__ci_last_regenerate|i:1510759111;"),
("52672382761e1d8ce346844d126e45b3e4ea3afe","10.180.82.8","1510759116","__ci_last_regenerate|i:1510759116;"),
("7c7403b9fbc86b1e3a9448a3bf01cd96590982e2","10.180.82.8","1510759777","__ci_last_regenerate|i:1510759777;"),
("72d5dc17b330c84a192a9981a27b966fa4d1b20c","::1","1510760024","__ci_last_regenerate|i:1510759941;"),
("3f43803f246c0a78a4eab518ba8c9ac232e46436","10.180.82.8","1510759944","__ci_last_regenerate|i:1510759944;"),
("536ee53a82f592253acd8e6d109cb416404f4580","10.180.82.8","1510759946","__ci_last_regenerate|i:1510759946;"),
("706bdbf957ef7d1885a707bd6cc607fb56d1be56","10.180.82.8","1510759999","__ci_last_regenerate|i:1510759999;"),
("42222bfd405b88f9b9c825e4bb5fb3120678e37b","10.180.82.8","1510760028","__ci_last_regenerate|i:1510760028;"),
("dc4a21305745981a316212e9343bfcac3ab43a99","10.180.82.8","1510760031","__ci_last_regenerate|i:1510760031;"),
("ea273951f41852e38e72223631c5522b02af839d","10.180.82.8","1510760032","__ci_last_regenerate|i:1510760032;"),
("29834e0738b1cd432d9f791e17e0d0a36a168d28","10.180.82.8","1510760034","__ci_last_regenerate|i:1510760034;"),
("1010c65daea338d2c2c63057dab19425a3608320","10.180.82.8","1510760036","__ci_last_regenerate|i:1510760036;"),
("c4867cb4a9c39b35addc3500748515de93e56a48","10.180.82.8","1510760332","__ci_last_regenerate|i:1510760046;sessionid|s:3:\"pos\";user_id|s:1:\"1\";user_email|s:15:\"owner@gmail.com\";user_role|s:1:\"1\";user_outlet|s:1:\"0\";"),
("7a52e4d63dfe1508f9a6a353bde022ab8627424e","10.180.82.8","1510760892","__ci_last_regenerate|i:1510760892;"),
("57b6c26cdcfe461ccba755dc36a294b485840b53","::1","1510760908","__ci_last_regenerate|i:1510760895;"),
("f0e97a9571f392fc2f3284332afe0ca40aa01dab","10.180.82.8","1510760898","__ci_last_regenerate|i:1510760898;"),
("85a751724ec8a9ec725fb1b4704cb6ba3ed85d50","10.180.82.8","1510761026","__ci_last_regenerate|i:1510761026;"),
("e5522bb5196f79b3cc147e59d86440c881f3e5e3","::1","1510812152","__ci_last_regenerate|i:1510812152;"),
("b12b5b47d45741961f174c93a1c7b034a5e5a987","10.180.82.8","1510812155","__ci_last_regenerate|i:1510812155;"),
("1b96d49d48d1c2a1dbc72518fd8f75e59000bdd2","10.180.82.8","1510812165","__ci_last_regenerate|i:1510812161;sessionid|s:3:\"pos\";user_id|s:1:\"1\";user_email|s:15:\"owner@gmail.com\";user_role|s:1:\"1\";user_outlet|s:1:\"0\";"),
("5b9b1a34525c0778bb8f140b54f712f94594ceac","10.180.82.8","1510813848","__ci_last_regenerate|i:1510813848;"),
("db4dac4ab8b61ebdece5d3732165920e0322204c","::1","1510895598","__ci_last_regenerate|i:1510895598;"),
("194194ac42338d793fca09b6afae3dcd0aee2c9a","10.180.82.8","1510895601","__ci_last_regenerate|i:1510895601;"),
("d5b6edc6350ff50daba183d0372eb87bb8f814be","10.180.82.8","1510895641","__ci_last_regenerate|i:1510895631;"),
("6c93c2ac58d2591c4f84fb679943964badcae137","10.180.82.8","1510896663","__ci_last_regenerate|i:1510896352;"),
("fc087b9153b029e5e164740a0117434dc3b14341","10.180.82.8","1510896917","__ci_last_regenerate|i:1510896663;"),
("78dded31b54bb3683fc09f9beedefe0d414f937e","10.180.82.8","1510897435","__ci_last_regenerate|i:1510897150;"),
("2f343c9a525b5c869a4d0d98926e20e8f9b3aa98","10.180.82.8","1510897718","__ci_last_regenerate|i:1510897537;"),
("ce9a4a8eebd9b484894927d44b5f594f95812830","10.180.82.8","1510898434","__ci_last_regenerate|i:1510898179;"),
("c4b06ab058f2190974c379dceb341857ace2e3bc","10.180.82.8","1510899154","__ci_last_regenerate|i:1510898888;"),
("9cd28466f825d70db881d79515369f0361dc9bfa","10.180.82.8","1510899411","__ci_last_regenerate|i:1510899206;"),
("03d80153e80eb11e2b78ec31c5be201f85730321","10.180.82.8","1510899649","__ci_last_regenerate|i:1510899540;"),
("e6a48be98b3717e19eb24f8f9fba9775e4b18934","10.180.82.8","1510900141","__ci_last_regenerate|i:1510899847;"),
("94697459e494415cac4fd0a1ddcf9efb999be64d","10.180.82.8","1510900402","__ci_last_regenerate|i:1510900153;"),
("510384ad8589ffae9cd9aef014f528683b5216c5","10.180.82.8","1510900755","__ci_last_regenerate|i:1510900555;"),
("0dc598cc140ba80c9c08d8ec3d2a900384d5a02e","10.180.82.8","1510901071","__ci_last_regenerate|i:1510900856;"),
("d0c30a278b046c8bb19112c8dd3ce0a7e664a5cb","10.180.82.8","1510901519","__ci_last_regenerate|i:1510901226;alert_msg|a:3:{i:0;s:7:\"failure\";i:1;s:5:\"Login\";i:2;s:41:\"Email Address do not exist at the system!\";}__ci_vars|a:1:{s:9:\"alert_msg\";s:3:\"old\";}"),
("d79ac5ee5e6751fdcc271c3b7e3f9c4796fa3de9","10.180.82.8","1510901839","__ci_last_regenerate|i:1510901601;alert_msg|a:3:{i:0;s:7:\"failure\";i:1;s:5:\"Login\";i:2;s:41:\"Email Address do not exist at the system!\";}__ci_vars|a:1:{s:9:\"alert_msg\";s:3:\"old\";}"),
("9e6481594507a997eec7288204d021279ebccaa9","10.180.82.8","1510902156","__ci_last_regenerate|i:1510901913;alert_msg|a:3:{i:0;s:7:\"failure\";i:1;s:5:\"Login\";i:2;s:41:\"Email Address do not exist at the system!\";}__ci_vars|a:1:{s:9:\"alert_msg\";s:3:\"old\";}"),
("a5772d6056e707b37f875a5924059f6d58fdd96e","10.180.82.8","1510902611","__ci_last_regenerate|i:1510902294;"),
("3b7486c19dae76a78963d677e037bee7748266de","::1","1510908831","__ci_last_regenerate|i:1510908831;"),
("35c530bb6c09b71dd0ee8729b04699935a6698f4","10.180.82.8","1510902793","__ci_last_regenerate|i:1510902620;"),
("89c082dafcc5a57be4baa6d505cdee36e3d5dd58","10.180.82.8","1510908834","__ci_last_regenerate|i:1510908834;"),
("d31810bf0da19b02d3d22a0df3a117136ae4d739","10.180.82.8","1510908837","__ci_last_regenerate|i:1510908837;"),
("66b4cdbdfffd0e6e7439d50b928c8f61b94c0df5","10.180.82.8","1510909608","__ci_last_regenerate|i:1510909059;"),
("bd063ae3fc961a3aecb3feb610a7af360efe006a","10.180.82.8","1510909748","__ci_last_regenerate|i:1510909608;sessionid|s:3:\"pos\";user_id|s:1:\"1\";user_email|s:15:\"owner@gmail.com\";user_role|s:1:\"1\";user_outlet|s:1:\"0\";"),
("e163cd4ec44fb9acb0a2832763f87fdb6d787650","::1","1510919964","__ci_last_regenerate|i:1510919868;"),
("55a609a95289245392790bac7ecc6d56ff640ae5","::1","1511177068","__ci_last_regenerate|i:1511177068;"),
("9682f8c02f85d7228c703043133aad528fa25985","10.180.82.8","1511177072","__ci_last_regenerate|i:1511177072;"),
("afe20d055763f5b66ac025ffa41259b5df1a8cbb","10.180.82.8","1511177089","__ci_last_regenerate|i:1511177079;sessionid|s:3:\"pos\";user_id|s:1:\"1\";user_email|s:15:\"owner@gmail.com\";user_role|s:1:\"1\";user_outlet|s:1:\"0\";"),
("0647032b7d59cfbe308f55210c5ad868c6ad1d65","::1","1511178569","__ci_last_regenerate|i:1511178274;sessionid|s:3:\"pos\";user_id|s:1:\"1\";user_email|s:15:\"owner@gmail.com\";user_role|s:1:\"1\";user_outlet|s:1:\"0\";"),
("bcaddec687e7d247d2b7425b262e3ccbe988030c","10.180.82.8","1511178295","__ci_last_regenerate|i:1511178295;sessionid|s:3:\"pos\";user_id|s:1:\"1\";user_email|s:15:\"owner@gmail.com\";user_role|s:1:\"1\";user_outlet|s:1:\"0\";"),
("87c417bee4dc0f335a4eeca253176eaab09cae3d","::1","1511178878","__ci_last_regenerate|i:1511178616;sessionid|s:3:\"pos\";user_id|s:1:\"1\";user_email|s:15:\"owner@gmail.com\";user_role|s:1:\"1\";user_outlet|s:1:\"0\";"),
("8f8c28110131554f3d97a71ef4e12513a281a868","::1","1511179133","__ci_last_regenerate|i:1511178995;sessionid|s:3:\"pos\";user_id|s:1:\"1\";user_email|s:15:\"owner@gmail.com\";user_role|s:1:\"1\";user_outlet|s:1:\"0\";"),
("8f4b23a0b397a9d5820934417c7445b7a843c3ec","::1","1511179784","__ci_last_regenerate|i:1511179509;");




CREATE TABLE `currency` (
  `iso` char(3) CHARACTER SET utf8 NOT NULL DEFAULT '',
  `name` varchar(200) COLLATE utf8_unicode_ci NOT NULL,
  PRIMARY KEY (`iso`),
  UNIQUE KEY `name` (`name`)
) ENGINE=MyISAM DEFAULT CHARSET=utf8 COLLATE=utf8_unicode_ci;


INSERT INTO currency VALUES
("KRW","(South) Korean Won"),
("AFA","Afghanistan Afghani"),
("ALL","Albanian Lek"),
("DZD","Algerian Dinar"),
("ADP","Andorran Peseta"),
("AOK","Angolan Kwanza"),
("ARS","Argentine Peso"),
("AMD","Armenian Dram"),
("AWG","Aruban Florin"),
("AUD","Australian Dollar"),
("BSD","Bahamian Dollar"),
("BHD","Bahraini Dinar"),
("BDT","Bangladeshi Taka"),
("BBD","Barbados Dollar"),
("BZD","Belize Dollar"),
("BMD","Bermudian Dollar"),
("BTN","Bhutan Ngultrum"),
("BOB","Bolivian Boliviano"),
("BWP","Botswanian Pula"),
("BRL","Brazilian Real"),
("GBP","British Pound"),
("BND","Brunei Dollar"),
("BGN","Bulgarian Lev"),
("BUK","Burma Kyat"),
("BIF","Burundi Franc"),
("CAD","Canadian Dollar"),
("CVE","Cape Verde Escudo"),
("KYD","Cayman Islands Dollar"),
("CLP","Chilean Peso"),
("CLF","Chilean Unidades de Fomento"),
("COP","Colombian Peso"),
("XOF","Communaut Financire Africaine BCEAO - Francs"),
("XAF","Communaut Financire Africaine BEAC, Francs"),
("KMF","Comoros Franc"),
("XPF","Comptoirs Franais du Pacifique Francs"),
("CRC","Costa Rican Colon"),
("CUP","Cuban Peso"),
("CYP","Cyprus Pound"),
("CZK","Czech Republic Koruna"),
("DKK","Danish Krone"),
("YDD","Democratic Yemeni Dinar"),
("DOP","Dominican Peso"),
("XCD","East Caribbean Dollar"),
("TPE","East Timor Escudo"),
("ECS","Ecuador Sucre"),
("EGP","Egyptian Pound"),
("SVC","El Salvador Colon"),
("EEK","Estonian Kroon (EEK)"),
("ETB","Ethiopian Birr"),
("EUR","Euro"),
("FKP","Falkland Islands Pound"),
("FJD","Fiji Dollar"),
("GMD","Gambian Dalasi"),
("GHC","Ghanaian Cedi"),
("GIP","Gibraltar Pound"),
("XAU","Gold, Ounces"),
("GTQ","Guatemalan Quetzal"),
("GNF","Guinea Franc"),
("GWP","Guinea-Bissau Peso"),
("GYD","Guyanan Dollar"),
("HTG","Haitian Gourde"),
("HNL","Honduran Lempira"),
("HKD","Hong Kong Dollar"),
("HUF","Hungarian Forint"),
("INR","Indian Rupee"),
("IDR","Indonesian Rupiah"),
("XDR","International Monetary Fund (IMF) Special Drawing Rights"),
("IRR","Iranian Rial"),
("IQD","Iraqi Dinar"),
("IEP","Irish Punt"),
("ILS","Israeli Shekel"),
("JMD","Jamaican Dollar"),
("JPY","Japanese Yen"),
("JOD","Jordanian Dinar"),
("KHR","Kampuchean (Cambodian) Riel"),
("KES","Kenyan Schilling"),
("KWD","Kuwaiti Dinar"),
("LAK","Lao Kip"),
("LBP","Lebanese Pound"),
("LSL","Lesotho Loti"),
("LRD","Liberian Dollar"),
("LYD","Libyan Dinar"),
("MOP","Macau Pataca"),
("MGF","Malagasy Franc"),
("MWK","Malawi Kwacha"),
("MYR","Malaysian Ringgit"),
("MVR","Maldive Rufiyaa"),
("MTL","Maltese Lira"),
("MRO","Mauritanian Ouguiya"),
("MUR","Mauritius Rupee"),
("MXP","Mexican Peso"),
("MNT","Mongolian Tugrik"),
("MAD","Moroccan Dirham"),
("MZM","Mozambique Metical"),
("NAD","Namibian Dollar"),
("NPR","Nepalese Rupee"),
("ANG","Netherlands Antillian Guilder"),
("YUD","New Yugoslavia Dinar"),
("NZD","New Zealand Dollar"),
("NIO","Nicaraguan Cordoba");
INSERT INTO currency VALUES
("NGN","Nigerian Naira"),
("KPW","North Korean Won"),
("NOK","Norwegian Kroner"),
("OMR","Omani Rial"),
("PKR","Pakistan Rupee"),
("XPD","Palladium Ounces"),
("PAB","Panamanian Balboa"),
("PGK","Papua New Guinea Kina"),
("PYG","Paraguay Guarani"),
("PEN","Peruvian Nuevo Sol"),
("PHP","Philippine Peso"),
("XPT","Platinum, Ounces"),
("PLN","Polish Zloty"),
("QAR","Qatari Rial"),
("RON","Romanian Leu"),
("RUB","Russian Ruble"),
("RWF","Rwanda Franc"),
("WST","Samoan Tala"),
("STD","Sao Tome and Principe Dobra"),
("SAR","Saudi Arabian Riyal"),
("SCR","Seychelles Rupee"),
("SLL","Sierra Leone Leone"),
("XAG","Silver, Ounces"),
("SGD","Singapore Dollar"),
("SKK","Slovak Koruna"),
("SBD","Solomon Islands Dollar"),
("SOS","Somali Schilling"),
("ZAR","South African Rand"),
("LKR","Sri Lanka Rupee"),
("SHP","St. Helena Pound"),
("SDP","Sudanese Pound"),
("SRG","Suriname Guilder"),
("SZL","Swaziland Lilangeni"),
("SEK","Swedish Krona"),
("CHF","Swiss Franc"),
("SYP","Syrian Potmd"),
("TWD","Taiwan Dollar"),
("TZS","Tanzanian Schilling"),
("THB","Thai Baht"),
("TOP","Tongan Paanga"),
("TTD","Trinidad and Tobago Dollar"),
("TND","Tunisian Dinar"),
("TRY","Turkish Lira"),
("UGX","Uganda Shilling"),
("AED","United Arab Emirates Dirham"),
("UYU","Uruguayan Peso"),
("USD","US Dollar"),
("VUV","Vanuatu Vatu"),
("VEF","Venezualan Bolivar"),
("VND","Vietnamese Dong"),
("YER","Yemeni Rial"),
("CNY","Yuan (Chinese) Renminbi"),
("ZRZ","Zaire Zaire"),
("ZMK","Zambian Kwacha"),
("ZWD","Zimbabwe Dollar");




CREATE TABLE `customers` (
  `id` int(11) NOT NULL AUTO_INCREMENT,
  `fullname` varchar(499) COLLATE utf8_unicode_ci NOT NULL,
  `email` varchar(499) COLLATE utf8_unicode_ci NOT NULL,
  `mobile` varchar(255) COLLATE utf8_unicode_ci NOT NULL,
  `created_user_id` int(11) NOT NULL,
  `created_datetime` datetime NOT NULL,
  PRIMARY KEY (`id`)
) ENGINE=MyISAM AUTO_INCREMENT=5 DEFAULT CHARSET=utf8 COLLATE=utf8_unicode_ci;


INSERT INTO customers VALUES
("1","Walk In Customer","","","1","2016-10-18 00:00:00"),
("3","Complimentrory","email@email.com","000000000","1","2017-11-01 12:03:37"),
("4","Expired / Damaged","","","1","2017-11-02 00:45:52");




CREATE TABLE `expense_categories` (
  `id` int(11) NOT NULL AUTO_INCREMENT,
  `name` varchar(499) COLLATE utf8_unicode_ci NOT NULL,
  `created_user_id` int(11) NOT NULL,
  `created_datetime` datetime NOT NULL,
  `updated_user_id` int(11) NOT NULL,
  `updated_datetime` datetime NOT NULL,
  `status` int(11) NOT NULL COMMENT '0: Inactive, 1: Active',
  PRIMARY KEY (`id`)
) ENGINE=MyISAM AUTO_INCREMENT=3 DEFAULT CHARSET=utf8 COLLATE=utf8_unicode_ci;


INSERT INTO expense_categories VALUES
("2","Rent","1","2017-10-28 11:04:40","0","0000-00-00 00:00:00","1");




CREATE TABLE `expenses` (
  `id` int(11) NOT NULL AUTO_INCREMENT,
  `expenses_number` varchar(255) COLLATE utf8_unicode_ci NOT NULL,
  `expense_category` int(11) NOT NULL,
  `outlet_id` int(11) NOT NULL,
  `outlet_name` varchar(4999) COLLATE utf8_unicode_ci NOT NULL,
  `date` date NOT NULL,
  `amount` double(11,2) NOT NULL,
  `reason` longtext COLLATE utf8_unicode_ci NOT NULL,
  `file_name` varchar(499) COLLATE utf8_unicode_ci NOT NULL,
  `created_user_id` int(11) NOT NULL,
  `created_datetime` datetime NOT NULL,
  `updated_user_id` int(11) NOT NULL,
  `updated_datetime` datetime NOT NULL,
  `status` int(1) NOT NULL,
  PRIMARY KEY (`id`)
) ENGINE=MyISAM AUTO_INCREMENT=3 DEFAULT CHARSET=utf8 COLLATE=utf8_unicode_ci;


INSERT INTO expenses VALUES
("2","88787787","2","3","","2017-11-01","1000.00","test","1509644697.png","1","2017-11-02 23:14:57","0","0000-00-00 00:00:00","1");




CREATE TABLE `gift_card` (
  `id` int(11) NOT NULL AUTO_INCREMENT,
  `card_number` varchar(90) COLLATE utf8_unicode_ci NOT NULL,
  `value` double(11,2) NOT NULL,
  `expiry_date` date NOT NULL,
  `created_user_id` int(11) NOT NULL,
  `created_datetime` datetime NOT NULL,
  `updated_user_id` int(11) NOT NULL,
  `updated_datetime` datetime NOT NULL,
  `status` int(1) NOT NULL COMMENT '0: haven''t use, 1: used',
  PRIMARY KEY (`id`)
) ENGINE=MyISAM DEFAULT CHARSET=utf8 COLLATE=utf8_unicode_ci;






CREATE TABLE `inventory` (
  `id` int(11) NOT NULL AUTO_INCREMENT,
  `product_code` varchar(499) COLLATE utf8_unicode_ci NOT NULL,
  `outlet_id` int(11) NOT NULL,
  `qty` int(11) NOT NULL,
  PRIMARY KEY (`id`)
) ENGINE=MyISAM AUTO_INCREMENT=6 DEFAULT CHARSET=utf8 COLLATE=utf8_unicode_ci;


INSERT INTO inventory VALUES
("4","068","3","980"),
("5","fareed","3","30");




CREATE TABLE `order_items` (
  `id` int(11) NOT NULL AUTO_INCREMENT,
  `order_id` int(11) NOT NULL,
  `product_code` varchar(499) COLLATE utf8_unicode_ci NOT NULL,
  `product_name` varchar(499) COLLATE utf8_unicode_ci NOT NULL,
  `product_category` int(11) NOT NULL,
  `cost` double(11,2) NOT NULL,
  `price` double(11,2) NOT NULL,
  `qty` int(11) NOT NULL,
  PRIMARY KEY (`id`)
) ENGINE=MyISAM AUTO_INCREMENT=71 DEFAULT CHARSET=utf8 COLLATE=utf8_unicode_ci;


INSERT INTO order_items VALUES
("2","2","8123712","jjj","12","100.00","150.00","2"),
("3","3","8123712","jjj","12","100.00","150.00","5"),
("4","4","8123712","jjj","12","100.00","150.00","5"),
("5","5","8123712","jjj","12","100.00","150.00","10"),
("45","47","068","PLAIN FLAN SLICE","24","1.00","0.00","1"),
("46","48","068","PLAIN FLAN SLICE","24","1.00","1000.00","1"),
("47","49","068","PLAIN FLAN SLICE","24","1.00","1000.00","1"),
("48","50","068","PLAIN FLAN SLICE","24","1.00","0.00","1"),
("49","51","068","PLAIN FLAN SLICE","24","1.00","1000.00","1"),
("44","46","068","PLAIN FLAN SLICE","24","1.00","0.00","1"),
("43","45","068","PLAIN FLAN SLICE","24","1.00","1000.00","1"),
("50","52","068","PLAIN FLAN SLICE","24","1.00","1000.00","1"),
("51","53","068","PLAIN FLAN SLICE","24","1.00","1000.00","1"),
("52","54","068","PLAIN FLAN SLICE","24","1.00","1000.00","2"),
("53","55","068","PLAIN FLAN SLICE","24","1.00","1000.00","1"),
("54","56","068","PLAIN FLAN SLICE","24","1.00","1000.00","1"),
("55","57","068","PLAIN FLAN SLICE","24","1.00","1000.00","1"),
("56","58","068","PLAIN FLAN SLICE","24","1.00","1000.00","1"),
("57","59","068","PLAIN FLAN SLICE","24","1.00","1000.00","1"),
("58","60","068","PLAIN FLAN SLICE","24","1.00","1000.00","1"),
("59","61","068","PLAIN FLAN SLICE","24","1.00","1000.00","1"),
("60","62","068","PLAIN FLAN SLICE","24","1.00","1000.00","1"),
("61","63","068","PLAIN FLAN SLICE","24","1.00","1000.00","1"),
("67","70","068","PLAIN FLAN SLICE","24","1.00","1000.00","1"),
("66","69","068","PLAIN FLAN SLICE","24","1.00","1000.00","1"),
("65","68","068","PLAIN FLAN SLICE","24","1.00","1000.00","5"),
("68","71","068","PLAIN FLAN SLICE","24","1.00","1000.00","1"),
("69","72","068","PLAIN FLAN SLICE","24","1.00","1000.00","2"),
("70","73","068","PLAIN FLAN SLICE","24","1.00","0.00","1");




CREATE TABLE `orders` (
  `id` int(11) NOT NULL AUTO_INCREMENT,
  `customer_id` int(11) NOT NULL,
  `customer_name` varchar(499) COLLATE utf8_unicode_ci NOT NULL,
  `customer_email` varchar(499) COLLATE utf8_unicode_ci NOT NULL,
  `customer_mobile` varchar(255) COLLATE utf8_unicode_ci NOT NULL,
  `ordered_datetime` datetime NOT NULL,
  `outlet_id` int(11) NOT NULL,
  `outlet_name` varchar(499) COLLATE utf8_unicode_ci NOT NULL,
  `outlet_address` longtext COLLATE utf8_unicode_ci NOT NULL,
  `outlet_contact` varchar(499) COLLATE utf8_unicode_ci NOT NULL,
  `outlet_receipt_footer` longtext COLLATE utf8_unicode_ci NOT NULL,
  `gift_card` varchar(90) COLLATE utf8_unicode_ci NOT NULL,
  `subtotal` double(11,2) NOT NULL,
  `discount_total` double(11,2) NOT NULL,
  `discount_percentage` varchar(255) COLLATE utf8_unicode_ci NOT NULL,
  `tax` double(11,2) NOT NULL,
  `grandtotal` double(11,2) NOT NULL,
  `total_items` int(11) NOT NULL,
  `payment_method` int(11) NOT NULL,
  `payment_method_name` varchar(255) COLLATE utf8_unicode_ci NOT NULL,
  `cheque_number` varchar(499) COLLATE utf8_unicode_ci NOT NULL,
  `paid_amt` double(11,2) NOT NULL,
  `advance` int(1) NOT NULL,
  `adv_payment_method` int(11) NOT NULL,
  `adv_payment_method_name` varchar(150) COLLATE utf8_unicode_ci NOT NULL,
  `adv_card_number` varchar(100) COLLATE utf8_unicode_ci NOT NULL,
  `adv_cheque_number` varchar(255) COLLATE utf8_unicode_ci NOT NULL,
  `adv_paid_amt` double(11,2) NOT NULL,
  `adv_ordered_datetime` datetime NOT NULL,
  `return_change` double(11,2) NOT NULL,
  `created_user_id` int(11) NOT NULL,
  `created_datetime` datetime NOT NULL,
  `updated_user_id` int(11) NOT NULL,
  `updated_datetime` datetime NOT NULL,
  `vt_status` int(11) NOT NULL COMMENT '0: Debit Payment, 1: Completed',
  `status` int(11) NOT NULL COMMENT '1: Sales, 2: Return',
  `refund_status` int(11) NOT NULL COMMENT '1: Full Refund, 2: Partial Refund',
  `remark` longtext COLLATE utf8_unicode_ci NOT NULL,
  `card_number` varchar(499) COLLATE utf8_unicode_ci NOT NULL,
  PRIMARY KEY (`id`)
) ENGINE=MyISAM AUTO_INCREMENT=74 DEFAULT CHARSET=utf8 COLLATE=utf8_unicode_ci;


INSERT INTO orders VALUES
("56","1","Walk In Customer","","","2017-11-10 23:51:02","3","Le Delice - The French Bakery","Boulevard Road, Opp. Ghat No.9, Srinagar, J&K INDIA - 190001","+91-9596 588 211","<p><em>Boulevard Road, Opp. Ghat No.9, Srinagar, J&amp;K INDIA - 190001</em></p><p><em>Contact :</em><strong><em>&nbsp;+91-9596 588 211</em></strong></p><p>Thank you for your Vist !</p>","","1000.00","0.00","","0.00","1000.00","1","2","Wire Transfer","","1000.00","0","0","","","","0.00","0000-00-00 00:00:00","0.00","1","2017-11-03 23:51:02","0","0000-00-00 00:00:00","1","1","0","",""),
("55","1","Walk In Customer","","","2017-11-03 23:48:14","3","Le Delice - The French Bakery","Boulevard Road, Opp. Ghat No.9, Srinagar, J&K INDIA - 190001","+91-9596 588 211","<p><em>Boulevard Road, Opp. Ghat No.9, Srinagar, J&amp;K INDIA - 190001</em></p><p><em>Contact :</em><strong><em>&nbsp;+91-9596 588 211</em></strong></p><p>Thank you for your Vist !</p>","","1000.00","0.00","","0.00","1000.00","1","4","Card","","1000.00","0","0","","","","0.00","0000-00-00 00:00:00","0.00","1","2017-11-03 23:48:14","1","2017-11-08 00:52:41","1","1","0","","9898"),
("54","1","Walk In Customer","","","2017-11-03 23:35:19","3","Le Delice - The French Bakery","Boulevard Road, Opp. Ghat No.9, Srinagar, J&K INDIA - 190001","+91-9596 588 211","<p><em>Boulevard Road, Opp. Ghat No.9, Srinagar, J&amp;K INDIA - 190001</em></p><p><em>Contact :</em><strong><em>&nbsp;+91-9596 588 211</em></strong></p><p>Thank you for your Vist !</p>","","2000.00","0.00","","0.00","2000.00","2","6","Debt","","1000.00","0","4","Card","test","","1000.00","0000-00-00 00:00:00","0.00","1","2017-11-03 23:35:19","1","2017-11-08 14:27:12","1","1","0","",""),
("45","1","Walk In Customer","","","2017-11-02 01:17:59","3","Le Delice - The French Bakery","Boulevard Road, Opp. Ghat No.9, Srinagar, J&K INDIA - 190001","+91-9596 588 211","<p><em>Boulevard Road, Opp. Ghat No.9, Srinagar, J&amp;K INDIA - 190001</em></p><p><em>Contact :</em><strong><em>&nbsp;+91-9596 588 211</em></strong></p><p>Thank you for your Vist !</p>","","1000.00","0.00","","0.00","1000.00","1","1","Cash","","2000.00","0","0","","","","0.00","0000-00-00 00:00:00","1000.00","1","2017-11-02 01:17:59","0","0000-00-00 00:00:00","1","1","0","",""),
("53","1","Walk In Customer","","","2017-11-03 23:16:17","3","Le Delice - The French Bakery","Boulevard Road, Opp. Ghat No.9, Srinagar, J&K INDIA - 190001","+91-9596 588 211","<p><em>Boulevard Road, Opp. Ghat No.9, Srinagar, J&amp;K INDIA - 190001</em></p><p><em>Contact :</em><strong><em>&nbsp;+91-9596 588 211</em></strong></p><p>Thank you for your Vist !</p>","","1000.00","0.00","","0.00","1000.00","1","1","Cash","","1000.00","0","0","","","","0.00","0000-00-00 00:00:00","0.00","1","2017-11-03 23:16:17","1","2017-11-03 23:19:12","1","1","0","",""),
("52","2","Walk In Customer","","","2017-11-03 23:09:18","3","Le Delice - The French Bakery","Boulevard Road, Opp. Ghat No.9, Srinagar, J&K INDIA - 190001","+91-9596 588 211","<p><em>Boulevard Road, Opp. Ghat No.9, Srinagar, J&amp;K INDIA - 190001</em></p><p><em>Contact :</em><strong><em>&nbsp;+91-9596 588 211</em></strong></p><p>Thank you for your Vist !</p>","","1000.00","0.00","","0.00","1000.00","1","6","Debt","","666.00","0","0","","","","0.00","0000-00-00 00:00:00","0.00","1","2017-11-03 23:09:18","0","0000-00-00 00:00:00","0","1","0","",""),
("51","1","Walk In Customer","","","2017-11-03 23:05:33","3","Le Delice - The French Bakery","Boulevard Road, Opp. Ghat No.9, Srinagar, J&K INDIA - 190001","+91-9596 588 211","<p><em>Boulevard Road, Opp. Ghat No.9, Srinagar, J&amp;K INDIA - 190001</em></p><p><em>Contact :</em><strong><em>&nbsp;+91-9596 588 211</em></strong></p><p>Thank you for your Vist !</p>","","1000.00","0.00","","0.00","1000.00","1","6","Debt","","600.00","0","0","","","","0.00","0000-00-00 00:00:00","0.00","1","2017-11-03 23:05:33","0","0000-00-00 00:00:00","0","1","0","",""),
("49","1","Walk In Customer","","","2017-11-03 00:30:09","3","Le Delice - The French Bakery","Boulevard Road, Opp. Ghat No.9, Srinagar, J&K INDIA - 190001","+91-9596 588 211","<p><em>Boulevard Road, Opp. Ghat No.9, Srinagar, J&amp;K INDIA - 190001</em></p><p><em>Contact :</em><strong><em>&nbsp;+91-9596 588 211</em></strong></p><p>Thank you for your Vist !</p>","","1000.00","0.00","","0.00","1000.00","1","1","Cash","","1000.00","0","0","","","","0.00","0000-00-00 00:00:00","0.00","1","2017-11-03 00:30:09","0","0000-00-00 00:00:00","1","1","0","",""),
("50","3","Complimentrory","email@email.com","000000000","2017-11-03 00:30:36","3","Le Delice - The French Bakery","Boulevard Road, Opp. Ghat No.9, Srinagar, J&K INDIA - 190001","+91-9596 588 211","<p><em>Boulevard Road, Opp. Ghat No.9, Srinagar, J&amp;K INDIA - 190001</em></p><p><em>Contact :</em><strong><em>&nbsp;+91-9596 588 211</em></strong></p><p>Thank you for your Vist !</p>","","0.00","0.00","","0.00","0.00","1","0","","","0.00","0","0","","","","0.00","0000-00-00 00:00:00","0.00","1","2017-11-03 00:30:36","0","0000-00-00 00:00:00","1","1","0","","coooo"),
("48","1","Walk In Customer","","","2017-11-02 01:21:06","3","Le Delice - The French Bakery","Boulevard Road, Opp. Ghat No.9, Srinagar, J&K INDIA - 190001","+91-9596 588 211","<p><em>Boulevard Road, Opp. Ghat No.9, Srinagar, J&amp;K INDIA - 190001</em></p><p><em>Contact :</em><strong><em>&nbsp;+91-9596 588 211</em></strong></p><p>Thank you for your Vist !</p>","","1000.00","0.00","","0.00","1000.00","1","2","Wire Transfer","","1000.00","0","0","","","","0.00","0000-00-00 00:00:00","0.00","1","2017-11-02 01:21:06","0","0000-00-00 00:00:00","1","1","0","",""),
("47","4","Expired / Damaged","","","2017-11-02 01:19:58","3","Le Delice - The French Bakery","Boulevard Road, Opp. Ghat No.9, Srinagar, J&K INDIA - 190001","+91-9596 588 211","<p><em>Boulevard Road, Opp. Ghat No.9, Srinagar, J&amp;K INDIA - 190001</em></p><p><em>Contact :</em><strong><em>&nbsp;+91-9596 588 211</em></strong></p><p>Thank you for your Vist !</p>","","0.00","0.00","","0.00","0.00","1","0","","","0.00","0","0","","","","0.00","0000-00-00 00:00:00","0.00","1","2017-11-02 01:19:58","0","0000-00-00 00:00:00","1","1","0","","damaged"),
("46","3","Complimentrory","email@email.com","000000000","2017-11-02 01:18:55","3","Le Delice - The French Bakery","Boulevard Road, Opp. Ghat No.9, Srinagar, J&K INDIA - 190001","+91-9596 588 211","<p><em>Boulevard Road, Opp. Ghat No.9, Srinagar, J&amp;K INDIA - 190001</em></p><p><em>Contact :</em><strong><em>&nbsp;+91-9596 588 211</em></strong></p><p>Thank you for your Vist !</p>","","0.00","0.00","","0.00","0.00","1","0","","","0.00","0","0","","","","0.00","0000-00-00 00:00:00","0.00","1","2017-11-02 01:18:55","0","0000-00-00 00:00:00","1","1","0","","free as friend"),
("57","1","Walk In Customer","","","2017-11-03 23:57:00","3","Le Delice - The French Bakery","Boulevard Road, Opp. Ghat No.9, Srinagar, J&K INDIA - 190001","+91-9596 588 211","<p><em>Boulevard Road, Opp. Ghat No.9, Srinagar, J&amp;K INDIA - 190001</em></p><p><em>Contact :</em><strong><em>&nbsp;+91-9596 588 211</em></strong></p><p>Thank you for your Vist !</p>","","1000.00","0.00","","0.00","1000.00","1","4","Card","","1000.00","0","0","","","","0.00","0000-00-00 00:00:00","0.00","1","2017-11-03 23:57:00","1","2017-11-04 00:04:59","1","1","0","","9898"),
("58","1","Walk In Customer","","","2017-11-03 23:58:41","3","Le Delice - The French Bakery","Boulevard Road, Opp. Ghat No.9, Srinagar, J&K INDIA - 190001","+91-9596 588 211","<p><em>Boulevard Road, Opp. Ghat No.9, Srinagar, J&amp;K INDIA - 190001</em></p><p><em>Contact :</em><strong><em>&nbsp;+91-9596 588 211</em></strong></p><p>Thank you for your Vist !</p>","","1000.00","0.00","","0.00","1000.00","1","1","Cash","","1000.00","0","0","","","","0.00","0000-00-00 00:00:00","0.00","1","2017-11-03 23:58:41","1","2017-11-04 00:00:44","1","1","0","",""),
("59","1","Walk In Customer","","","2017-11-04 00:02:00","3","Le Delice - The French Bakery","Boulevard Road, Opp. Ghat No.9, Srinagar, J&K INDIA - 190001","+91-9596 588 211","<p><em>Boulevard Road, Opp. Ghat No.9, Srinagar, J&amp;K INDIA - 190001</em></p><p><em>Contact :</em><strong><em>&nbsp;+91-9596 588 211</em></strong></p><p>Thank you for your Vist !</p>","","1000.00","0.00","","0.00","1000.00","1","4","Card","","1000.00","0","0","","","","0.00","0000-00-00 00:00:00","0.00","1","2017-11-04 00:02:00","1","2017-11-04 00:02:43","1","1","0","","123"),
("60","1","Walk In Customer","","","2017-11-06 23:23:56","3","Le Delice - The French Bakery","Boulevard Road, Opp. Ghat No.9, Srinagar, J&K INDIA - 190001","+91-9596 588 211","<p><em>Boulevard Road, Opp. Ghat No.9, Srinagar, J&amp;K INDIA - 190001</em></p><p><em>Contact :</em><strong><em>&nbsp;+91-9596 588 211</em></strong></p><p>Thank you for your Vist !</p>","","1000.00","0.00","","0.00","1000.00","1","4","Card","","1000.00","0","0","","","","0.00","0000-00-00 00:00:00","0.00","1","2017-11-06 23:23:56","1","2017-11-06 23:27:21","1","1","0","","asfsgfs"),
("61","1","Walk In Customer","","","2017-11-06 23:28:43","3","Le Delice - The French Bakery","Boulevard Road, Opp. Ghat No.9, Srinagar, J&K INDIA - 190001","+91-9596 588 211","<p><em>Boulevard Road, Opp. Ghat No.9, Srinagar, J&amp;K INDIA - 190001</em></p><p><em>Contact :</em><strong><em>&nbsp;+91-9596 588 211</em></strong></p><p>Thank you for your Vist !</p>","","1000.00","0.00","","0.00","1000.00","1","1","Cash","","1000.00","0","0","","","","0.00","0000-00-00 00:00:00","0.00","1","2017-11-06 23:28:43","0","0000-00-00 00:00:00","1","1","0","",""),
("62","1","Walk In Customer","","","2017-11-07 00:23:05","3","Le Delice - The French Bakery","Boulevard Road, Opp. Ghat No.9, Srinagar, J&K INDIA - 190001","+91-9596 588 211","<p><em>Boulevard Road, Opp. Ghat No.9, Srinagar, J&amp;K INDIA - 190001</em></p><p><em>Contact :</em><strong><em>&nbsp;+91-9596 588 211</em></strong></p><p>Thank you for your Vist !</p>","","1000.00","0.00","","0.00","1000.00","1","4","Card","","1000.00","0","0","","","","0.00","0000-00-00 00:00:00","0.00","1","2017-11-07 00:23:05","0","0000-00-00 00:00:00","1","1","0","","1111"),
("63","1","Walk In Customer","","","2017-11-07 23:55:03","3","Le Delice - The French Bakery","Boulevard Road, Opp. Ghat No.9, Srinagar, J&K INDIA - 190001","+91-9596 588 211","<p><em>Boulevard Road, Opp. Ghat No.9, Srinagar, J&amp;K INDIA - 190001</em></p><p><em>Contact :</em><strong><em>&nbsp;+91-9596 588 211</em></strong></p><p>Thank you for your Vist !</p>","","1000.00","0.00","","0.00","1000.00","1","1","Cash","","1000.00","0","0","","","","0.00","0000-00-00 00:00:00","0.00","1","2017-11-07 23:55:03","0","0000-00-00 00:00:00","1","1","0","","1000 paid"),
("70","1","Walk In Customer","","","2017-11-08 01:48:22","3","Le Delice - The French Bakery","Boulevard Road, Opp. Ghat No.9, Srinagar, J&K INDIA - 190001","+91-9596 588 211","<p><em>Boulevard Road, Opp. Ghat No.9, Srinagar, J&amp;K INDIA - 190001</em></p><p><em>Contact :</em><strong><em>&nbsp;+91-9596 588 211</em></strong></p><p>Thank you for your Vist !</p>","","1000.00","0.00","","0.00","1000.00","1","4","Card","","1000.00","1","0","","","","0.00","0000-00-00 00:00:00","-500.00","1","2017-11-08 01:48:22","1","2017-11-08 01:49:04","1","1","0","","23323"),
("69","1","Walk In Customer","","","2017-11-08 01:41:30","3","Le Delice - The French Bakery","Boulevard Road, Opp. Ghat No.9, Srinagar, J&K INDIA - 190001","+91-9596 588 211","<p><em>Boulevard Road, Opp. Ghat No.9, Srinagar, J&amp;K INDIA - 190001</em></p><p><em>Contact :</em><strong><em>&nbsp;+91-9596 588 211</em></strong></p><p>Thank you for your Vist !</p>","","1000.00","0.00","","0.00","1000.00","1","4","Card","","1000.00","1","0","","","","0.00","0000-00-00 00:00:00","-500.00","1","2017-11-08 01:41:30","1","2017-11-08 01:42:06","1","1","0","","565655"),
("68","1","Walk In Customer","","","2017-11-08 01:10:45","3","Le Delice - The French Bakery","Boulevard Road, Opp. Ghat No.9, Srinagar, J&K INDIA - 190001","+91-9596 588 211","<p><em>Boulevard Road, Opp. Ghat No.9, Srinagar, J&amp;K INDIA - 190001</em></p><p><em>Contact :</em><strong><em>&nbsp;+91-9596 588 211</em></strong></p><p>Thank you for your Vist !</p>","","5000.00","0.00","","0.00","5000.00","5","1","Cash","","5000.00","1","0","","","","0.00","0000-00-00 00:00:00","-4000.00","1","2017-11-08 01:10:45","1","2017-11-08 01:40:07","1","1","0","",""),
("71","1","Walk In Customer","","","2017-11-08 13:05:41","3","Le Delice - The French Bakery","Boulevard Road, Opp. Ghat No.9, Srinagar, J&K INDIA - 190001","+91-9596 588 211","<p><em>Boulevard Road, Opp. Ghat No.9, Srinagar, J&amp;K INDIA - 190001</em></p><p><em>Contact :</em><strong><em>&nbsp;+91-9596 588 211</em></strong></p><p>Thank you for your Vist !</p>","","1000.00","0.00","","0.00","1000.00","1","4","Card","","123.00","1","1","Cash","123","","877.00","0000-00-00 00:00:00","-877.00","1","2017-11-08 13:05:41","1","2017-11-08 13:25:58","1","1","0","","123"),
("72","1","Walk In Customer","","","2017-11-13 10:17:03","3","Le Delice - The French Bakery","Boulevard Road, Opp. Ghat No.9, Srinagar, J&K INDIA - 190001","+91-9596 588 211","<p><em>Boulevard Road, Opp. Ghat No.9, Srinagar, J&amp;K INDIA - 190001</em></p><p><em>Contact :</em><strong><em>&nbsp;+91-9596 588 211</em></strong></p><p>Thank you for your Vist !</p>","","2000.00","0.00","","0.00","2000.00","2","2","Wire Transfer","","88.00","1","4","Card","Test","","1912.00","2017-11-13 10:20:43","-1912.00","1","2017-11-13 10:17:03","1","2017-11-13 10:20:43","1","1","0","",""),
("73","3","Complimentrory","email@email.com","000000000","2017-11-15 12:58:13","3","Code Igniter App","Boulevard Road, Opp. Ghat No.9, Srinagar, J&K INDIA - 190001","+91-9596 588 211","<p><em>Boulevard Road, Opp. Ghat No.9, Srinagar, J&amp;K INDIA - 190001</em></p><p><em>Contact :</em><strong><em>&nbsp;+91-9596 588 211</em></strong></p><p>Thank you for your Vist !</p>","","0.00","0.00","","0.00","0.00","1","0","","","0.00","0","0","","","","0.00","0000-00-00 00:00:00","0.00","1","2017-11-15 12:58:13","0","0000-00-00 00:00:00","1","1","0","","Test Complimantary");




CREATE TABLE `outlets` (
  `id` int(11) NOT NULL AUTO_INCREMENT,
  `name` varchar(499) COLLATE utf8_unicode_ci NOT NULL,
  `address` longtext COLLATE utf8_unicode_ci NOT NULL,
  `contact_number` varchar(499) COLLATE utf8_unicode_ci NOT NULL,
  `receipt_header` longtext COLLATE utf8_unicode_ci NOT NULL,
  `receipt_footer` longtext COLLATE utf8_unicode_ci NOT NULL,
  `created_user_id` int(11) NOT NULL,
  `created_datetime` datetime NOT NULL,
  `updated_user_id` int(11) NOT NULL,
  `updated_datetime` datetime NOT NULL,
  `status` int(11) NOT NULL COMMENT '1: Active, 0: Inactive',
  PRIMARY KEY (`id`)
) ENGINE=MyISAM AUTO_INCREMENT=6 DEFAULT CHARSET=utf8 COLLATE=utf8_unicode_ci;


INSERT INTO outlets VALUES
("3","Code Igniter App","Boulevard Road, Opp. Ghat No.9, Srinagar, J&K INDIA - 190001","+91-9596 588 211","","<p><em>Boulevard Road, Opp. Ghat No.9, Srinagar, J&amp;K INDIA - 190001</em></p><p><em>Contact :</em><strong><em>&nbsp;+91-9596 588 211</em></strong></p><p>Thank you for your Vist !</p>","1","2016-09-11 19:25:52","1","2017-10-30 10:30:42","1");




CREATE TABLE `payment_method` (
  `id` int(11) NOT NULL AUTO_INCREMENT,
  `name` varchar(255) COLLATE utf8_unicode_ci NOT NULL,
  `created_user_id` int(11) NOT NULL,
  `created_datetime` datetime NOT NULL,
  `updated_user_id` int(11) NOT NULL,
  `updated_datetime` datetime NOT NULL,
  `status` int(1) NOT NULL,
  PRIMARY KEY (`id`)
) ENGINE=MyISAM AUTO_INCREMENT=10 DEFAULT CHARSET=utf8 COLLATE=utf8_unicode_ci;


INSERT INTO payment_method VALUES
("1","Cash","1","2016-09-25 01:43:41","0","0000-00-00 00:00:00","1"),
("2","Wire Transfer","1","2016-09-25 01:43:45","1","2017-10-29 20:20:03","1"),
("3","VISA","1","2016-09-25 01:43:50","1","2017-10-30 11:22:11","0"),
("4","Card","1","2016-09-25 01:43:58","1","2017-10-29 19:41:09","1"),
("5","Cheque","1","2016-09-25 01:44:02","1","2017-10-29 19:51:15","1"),
("7","Gift Card","1","2016-10-16 01:23:05","1","2017-10-28 19:15:24","0");




CREATE TABLE `products` (
  `id` int(11) NOT NULL AUTO_INCREMENT,
  `code` varchar(499) COLLATE utf8_unicode_ci NOT NULL,
  `name` varchar(499) COLLATE utf8_unicode_ci NOT NULL,
  `category` int(11) NOT NULL,
  `purchase_price` double(11,2) NOT NULL,
  `retail_price` double(11,2) NOT NULL,
  `thumbnail` varchar(499) COLLATE utf8_unicode_ci NOT NULL,
  `created_user_id` int(11) NOT NULL,
  `created_datetime` datetime NOT NULL,
  `updated_user_id` int(11) NOT NULL,
  `updated_datetime` datetime NOT NULL,
  `status` int(11) NOT NULL,
  `color` varchar(25) COLLATE utf8_unicode_ci NOT NULL,
  PRIMARY KEY (`id`)
) ENGINE=MyISAM AUTO_INCREMENT=86 DEFAULT CHARSET=utf8 COLLATE=utf8_unicode_ci;


INSERT INTO products VALUES
("18","001","CHOCOLATE MOUSSE PASTRY","13","1.00","1.00","no_image.jpg","1","2017-10-30 16:11:59","0","0000-00-00 00:00:00","1",""),
("19","002","PINE APPLE PASTRY","13","1.00","1.00","no_image.jpg","1","2017-10-30 16:12:19","0","0000-00-00 00:00:00","1",""),
("20","003","MIXED FRUIT PASTRY","13","1.00","1.00","no_image.jpg","1","2017-10-30 16:12:52","0","0000-00-00 00:00:00","1",""),
("21","004","BLACK FOREST PASTRY","13","1.00","1.00","no_image.jpg","1","2017-10-30 16:13:13","0","0000-00-00 00:00:00","1",""),
("22","005","RASBERRY CHOCO PASTRY","13","1.00","1.00","no_image.jpg","1","2017-10-30 16:13:38","0","0000-00-00 00:00:00","1",""),
("23","006","RASBERRY PASTRY","13","1.00","1.00","no_image.jpg","1","2017-10-30 16:13:53","0","0000-00-00 00:00:00","1",""),
("24","007","SEASONAL PASTRY","13","1.00","1.00","no_image.jpg","1","2017-10-30 16:14:06","0","0000-00-00 00:00:00","1",""),
("25","008","SEASONAL PASTRY","13","1.00","1.00","no_image.jpg","1","2017-10-30 16:14:18","0","0000-00-00 00:00:00","1",""),
("26","009","SPECIAL PASTRY","13","1.00","1.00","no_image.jpg","1","2017-10-30 16:14:35","0","0000-00-00 00:00:00","1",""),
("27","010","SPECIAL PASTRY","13","1.00","1.00","no_image.jpg","1","2017-10-30 16:14:54","0","0000-00-00 00:00:00","1",""),
("28","012","PARIS BREST","14","1.00","1.00","no_image.jpg","1","2017-10-30 16:15:32","0","0000-00-00 00:00:00","1",""),
("29","013","CHOUX VANILLA","14","1.00","1.00","no_image.jpg","1","2017-10-30 16:15:46","0","0000-00-00 00:00:00","1",""),
("30","014","CHOUX CHOCOLAT","14","1.00","1.00","no_image.jpg","1","2017-10-30 16:16:00","0","0000-00-00 00:00:00","1",""),
("31","015","CHOUX SPECIAL","14","1.00","1.00","no_image.jpg","1","2017-10-30 16:16:13","0","0000-00-00 00:00:00","1",""),
("32","016","ECLAIR CHOCO","14","1.00","1.00","no_image.jpg","1","2017-10-30 16:16:25","0","0000-00-00 00:00:00","1",""),
("33","017","ECLAIR COFFEE","14","1.00","1.00","no_image.jpg","1","2017-10-30 16:16:49","0","0000-00-00 00:00:00","1",""),
("34","018","ECLAIR SPECIAL","14","1.00","1.00","no_image.jpg","1","2017-10-30 16:19:07","0","0000-00-00 00:00:00","1",""),
("35","019","ECLAIR SPECIAL","14","1.00","1.00","no_image.jpg","1","2017-10-30 16:19:32","0","0000-00-00 00:00:00","1",""),
("36","020","WALNUT TART","16","1.00","1.00","no_image.jpg","1","2017-10-30 16:19:58","0","0000-00-00 00:00:00","1",""),
("37","021","CHOCO CHIPS TART","16","1.00","1.00","no_image.jpg","1","2017-10-30 16:20:14","0","0000-00-00 00:00:00","1",""),
("38","022","CHOCO CHIPS TART","16","1.00","1.00","no_image.jpg","1","2017-10-30 16:20:35","0","0000-00-00 00:00:00","1",""),
("39","023","PECANNUT TART","16","1.00","1.00","no_image.jpg","1","2017-10-30 16:20:52","0","0000-00-00 00:00:00","1",""),
("40","024","CARAMEL TART","16","1.00","1.00","no_image.jpg","1","2017-10-30 16:21:07","0","0000-00-00 00:00:00","1",""),
("41","025","LEMON TART","16","1.00","1.00","no_image.jpg","1","2017-10-30 16:21:39","0","0000-00-00 00:00:00","1",""),
("42","026","APPLE TART","16","1.00","1.00","no_image.jpg","1","2017-10-30 16:21:56","0","0000-00-00 00:00:00","1",""),
("43","027","PEAR TART","16","1.00","1.00","no_image.jpg","1","2017-10-30 16:22:11","0","0000-00-00 00:00:00","1",""),
("44","028","APPLE TART","16","1.00","1.00","no_image.jpg","1","2017-10-30 16:22:27","0","0000-00-00 00:00:00","1",""),
("45","029","MIXED FRUIT TART","16","1.00","1.00","no_image.jpg","1","2017-10-30 16:22:42","0","0000-00-00 00:00:00","1",""),
("46","030","SEASONAL FRUIT TART","16","1.00","1.00","no_image.jpg","1","2017-10-30 16:23:02","0","0000-00-00 00:00:00","1",""),
("47","031","SEASONAL FRUIT TART","16","1.00","1.00","no_image.jpg","1","2017-10-30 16:23:27","0","0000-00-00 00:00:00","1",""),
("48","032","SPECIAL TART","16","1.00","1.00","no_image.jpg","1","2017-10-30 16:23:45","0","0000-00-00 00:00:00","1",""),
("49","033","CHOCO MOUSSE CUPS","18","1.00","1.00","no_image.jpg","1","2017-10-30 16:24:09","0","0000-00-00 00:00:00","1",""),
("50","034","RASBERRY MIXED FRUIT CUPS","18","1.00","1.00","no_image.jpg","1","2017-10-30 16:25:59","0","0000-00-00 00:00:00","1",""),
("51","035","SPECIAL FRUIT CUPS","18","1.00","1.00","no_image.jpg","1","2017-10-30 16:26:17","0","0000-00-00 00:00:00","1",""),
("52","036","POUND CAKE","19","1.00","1.00","no_image.jpg","1","2017-10-30 16:26:54","0","0000-00-00 00:00:00","1",""),
("53","037","BUTTER CAKE","19","1.00","1.00","no_image.jpg","1","2017-10-30 16:28:06","0","0000-00-00 00:00:00","1",""),
("54","038","CHOCOLATE CAKE","19","1.00","1.00","no_image.jpg","1","2017-10-30 16:28:53","0","0000-00-00 00:00:00","1",""),
("55","039","ALMOND CAKE","19","1.00","1.00","no_image.jpg","1","2017-10-30 16:29:31","0","0000-00-00 00:00:00","1",""),
("56","040","LEMON CAKE","19","1.00","1.00","no_image.jpg","1","2017-10-30 16:29:53","0","0000-00-00 00:00:00","1",""),
("57","041","MIXED FRUIT CAKE","19","1.00","1.00","no_image.jpg","1","2017-10-30 16:30:08","0","0000-00-00 00:00:00","1",""),
("58","042","COFFEE CAKE","19","1.00","1.00","no_image.jpg","1","2017-10-30 16:30:36","0","0000-00-00 00:00:00","1",""),
("59","043","SPECIAL POUND CAKE","19","1.00","1.00","no_image.jpg","1","2017-10-30 16:30:57","0","0000-00-00 00:00:00","1",""),
("60","044","DONUT - 80","20","1.00","1.00","no_image.jpg","1","2017-10-30 16:31:36","0","0000-00-00 00:00:00","1",""),
("61","045","DONUT","20","1.00","1.00","no_image.jpg","1","2017-10-30 16:31:50","0","0000-00-00 00:00:00","1",""),
("62","056","BAGUETTE","21","1.00","1.00","no_image.jpg","1","2017-10-30 16:32:35","0","0000-00-00 00:00:00","1",""),
("63","047","POPY MILK BREAD","21","1.00","1.00","no_image.jpg","1","2017-10-30 16:33:05","0","0000-00-00 00:00:00","1",""),
("64","048","OATS MILK BREAD","21","1.00","1.00","no_image.jpg","1","2017-10-30 16:33:47","0","0000-00-00 00:00:00","1",""),
("65","049","LOAF","21","1.00","1.00","no_image.jpg","1","2017-10-30 16:34:19","0","0000-00-00 00:00:00","1",""),
("66","050","CHOCO LOAF","21","1.00","1.00","no_image.jpg","1","2017-10-30 16:34:38","0","0000-00-00 00:00:00","1",""),
("67","051","BROWN BREAD","21","1.00","1.00","no_image.jpg","1","2017-10-30 16:34:53","0","0000-00-00 00:00:00","1",""),
("68","052","SPECIAL BREAD","21","1.00","1.00","no_image.jpg","1","2017-10-30 16:35:15","0","0000-00-00 00:00:00","1",""),
("69","053","PLAIN CROISSANT","22","1.00","1.00","no_image.jpg","1","2017-10-30 16:35:35","0","0000-00-00 00:00:00","1",""),
("70","054","CHOCOLATE CROISSANT","22","1.00","1.00","no_image.jpg","1","2017-10-30 16:35:52","0","0000-00-00 00:00:00","1",""),
("71","055","ALMOND CROISSANT","22","1.00","1.00","no_image.jpg","1","2017-10-30 16:36:17","0","0000-00-00 00:00:00","1",""),
("72","057","ALMOND COOKIES","23","1.00","1.00","no_image.jpg","1","2017-10-30 16:36:54","0","0000-00-00 00:00:00","1",""),
("73","058","ALMOND ORANGE COOKIES","23","1.00","1.00","no_image.jpg","1","2017-10-30 16:37:10","0","0000-00-00 00:00:00","1",""),
("74","059","HAZELNUT CHOCO CHIPS COOKIES","23","1.00","1.00","no_image.jpg","1","2017-10-30 16:37:25","0","0000-00-00 00:00:00","1",""),
("75","060","OATS COOKIES","23","1.00","1.00","no_image.jpg","1","2017-10-30 16:37:55","0","0000-00-00 00:00:00","1",""),
("76","061","CHOCO CHIPS COOKIES","23","1.00","1.00","no_image.jpg","1","2017-10-30 16:38:17","0","0000-00-00 00:00:00","1",""),
("77","062","COFFEE COOKIES","23","1.00","1.00","no_image.jpg","1","2017-10-30 16:38:41","0","0000-00-00 00:00:00","1",""),
("78","063","BUTTER COOKIES","23","1.00","1.00","no_image.jpg","1","2017-10-30 16:38:57","0","0000-00-00 00:00:00","1",""),
("79","064","COCONUT COOKIES","23","1.00","1.00","no_image.jpg","1","2017-10-30 16:39:28","0","0000-00-00 00:00:00","1",""),
("80","065","CONGOLAIS","23","1.00","1.00","no_image.jpg","1","2017-10-30 16:40:24","0","0000-00-00 00:00:00","1",""),
("81","066","FRENCH HEART","23","1.00","1.00","no_image.jpg","1","2017-10-30 16:40:39","0","0000-00-00 00:00:00","1",""),
("82","067","SPECIAL COOKIES","23","1.00","1.00","no_image.jpg","1","2017-10-30 16:41:06","0","0000-00-00 00:00:00","1",""),
("83","068","PLAIN FLAN SLICE","24","1.00","1000.00","no_image.jpg","1","2017-10-30 16:41:35","1","2017-11-06 23:17:23","1","00FF04"),
("84","fareed","fareed ","19","100.00","100.00","fareed.png","1","2017-11-03 23:24:00","1","2017-11-06 22:37:35","1","green"),
("85","Pink","Pink","24","100.00","100.00","Pink.png","1","2017-11-06 22:49:05","1","2017-11-06 23:16:22","1","FF1616");




CREATE TABLE `purchase_order` (
  `id` int(11) NOT NULL AUTO_INCREMENT,
  `po_number` varchar(499) COLLATE utf8_unicode_ci NOT NULL,
  `discount_amount` double(11,2) NOT NULL,
  `discount_percentage` varchar(30) COLLATE utf8_unicode_ci NOT NULL,
  `subTotal` double(11,2) NOT NULL,
  `tax` double(11,2) NOT NULL,
  `grandTotal` double(11,2) NOT NULL,
  `supplier_id` int(11) NOT NULL,
  `supplier_tax` double(11,2) NOT NULL,
  `supplier_name` varchar(499) COLLATE utf8_unicode_ci NOT NULL,
  `supplier_email` varchar(499) COLLATE utf8_unicode_ci NOT NULL,
  `supplier_address` longtext COLLATE utf8_unicode_ci NOT NULL,
  `supplier_tel` varchar(255) COLLATE utf8_unicode_ci NOT NULL,
  `supplier_fax` varchar(255) COLLATE utf8_unicode_ci NOT NULL,
  `outlet_id` int(11) NOT NULL,
  `outlet_name` varchar(499) COLLATE utf8_unicode_ci NOT NULL,
  `outlet_address` longtext COLLATE utf8_unicode_ci NOT NULL,
  `outlet_contact` varchar(499) COLLATE utf8_unicode_ci NOT NULL,
  `po_date` date NOT NULL,
  `attachment_file` varchar(499) COLLATE utf8_unicode_ci NOT NULL,
  `note` longtext COLLATE utf8_unicode_ci NOT NULL,
  `created_user_id` int(11) NOT NULL,
  `created_datetime` datetime NOT NULL,
  `updated_user_id` int(11) NOT NULL,
  `updated_datetime` datetime NOT NULL,
  `received_user_id` int(11) NOT NULL,
  `received_datetime` datetime NOT NULL,
  `status` int(11) NOT NULL,
  PRIMARY KEY (`id`)
) ENGINE=MyISAM DEFAULT CHARSET=utf8 COLLATE=utf8_unicode_ci;






CREATE TABLE `purchase_order_items` (
  `id` int(11) NOT NULL AUTO_INCREMENT,
  `po_id` int(11) NOT NULL,
  `product_code` varchar(499) COLLATE utf8_unicode_ci NOT NULL,
  `ordered_qty` int(11) NOT NULL,
  `received_qty` int(11) NOT NULL,
  `cost` double(11,2) NOT NULL,
  PRIMARY KEY (`id`)
) ENGINE=MyISAM DEFAULT CHARSET=utf8 COLLATE=utf8_unicode_ci;






CREATE TABLE `purchase_order_status` (
  `id` int(11) NOT NULL AUTO_INCREMENT,
  `name` varchar(255) COLLATE utf8_unicode_ci NOT NULL,
  `created_user_id` int(11) NOT NULL,
  `created_datetime` datetime NOT NULL,
  `updated_user_id` int(11) NOT NULL,
  `updated_datetime` datetime NOT NULL,
  `status` int(11) NOT NULL,
  PRIMARY KEY (`id`)
) ENGINE=MyISAM AUTO_INCREMENT=4 DEFAULT CHARSET=utf8 COLLATE=utf8_unicode_ci;


INSERT INTO purchase_order_status VALUES
("1","Created","1","2016-09-10 00:00:00","0","0000-00-00 00:00:00","1"),
("2","Sent To Supplier","1","2016-09-10 00:00:00","0","0000-00-00 00:00:00","1"),
("3","Received From Supplier","1","2016-09-10 00:00:00","0","0000-00-00 00:00:00","1");




CREATE TABLE `return_items` (
  `id` int(11) NOT NULL AUTO_INCREMENT,
  `order_id` int(11) NOT NULL,
  `product_code` varchar(499) COLLATE utf8_unicode_ci NOT NULL,
  `price` double(11,2) NOT NULL,
  `qty` int(11) NOT NULL,
  `item_condition` int(11) NOT NULL COMMENT '1: Good, 2: Not Good',
  PRIMARY KEY (`id`)
) ENGINE=MyISAM AUTO_INCREMENT=3 DEFAULT CHARSET=utf8 COLLATE=utf8_unicode_ci;






CREATE TABLE `site_setting` (
  `id` int(11) NOT NULL AUTO_INCREMENT,
  `site_name` varchar(499) COLLATE utf8_unicode_ci NOT NULL,
  `site_logo` varchar(255) COLLATE utf8_unicode_ci NOT NULL,
  `timezone` varchar(499) COLLATE utf8_unicode_ci NOT NULL,
  `pagination` int(11) NOT NULL,
  `tax` double(11,2) NOT NULL,
  `currency` char(3) COLLATE utf8_unicode_ci NOT NULL,
  `datetime_format` varchar(30) COLLATE utf8_unicode_ci NOT NULL,
  `display_product` int(11) NOT NULL,
  `display_keyboard` int(11) NOT NULL,
  `default_customer_id` int(11) NOT NULL,
  `updated_user_id` int(11) NOT NULL,
  `updated_datetime` datetime NOT NULL,
  PRIMARY KEY (`id`)
) ENGINE=MyISAM AUTO_INCREMENT=2 DEFAULT CHARSET=utf8 COLLATE=utf8_unicode_ci;


INSERT INTO site_setting VALUES
("1","Le Delice - The French Bakery","logo.jpg","Asia/Kolkata","10","0.00","INR","d-m-Y","1","1","1","1","2017-10-30 16:43:29");




CREATE TABLE `suppliers` (
  `id` int(11) NOT NULL AUTO_INCREMENT,
  `name` varchar(4999) COLLATE utf8_unicode_ci NOT NULL,
  `tax` double(11,2) NOT NULL,
  `email` varchar(255) COLLATE utf8_unicode_ci NOT NULL,
  `address` longtext COLLATE utf8_unicode_ci NOT NULL,
  `tel` varchar(255) COLLATE utf8_unicode_ci NOT NULL,
  `fax` varchar(255) COLLATE utf8_unicode_ci NOT NULL,
  `created_user_id` int(11) NOT NULL,
  `created_datetime` datetime NOT NULL,
  `updated_user_id` int(11) NOT NULL,
  `updated_datetime` datetime NOT NULL,
  `status` int(1) NOT NULL,
  PRIMARY KEY (`id`)
) ENGINE=MyISAM AUTO_INCREMENT=4 DEFAULT CHARSET=utf8 COLLATE=utf8_unicode_ci;






CREATE TABLE `suspend` (
  `id` int(11) NOT NULL AUTO_INCREMENT,
  `customer_id` int(11) NOT NULL,
  `fullname` varchar(499) COLLATE utf8_unicode_ci NOT NULL,
  `email` varchar(499) COLLATE utf8_unicode_ci NOT NULL,
  `mobile` varchar(255) COLLATE utf8_unicode_ci NOT NULL,
  `ref_number` varchar(499) COLLATE utf8_unicode_ci NOT NULL,
  `outlet_id` int(11) NOT NULL,
  `subtotal` double(11,2) NOT NULL,
  `discount_total` double(11,2) NOT NULL,
  `tax` double(11,2) NOT NULL,
  `grandtotal` double(11,2) NOT NULL,
  `total_items` int(11) NOT NULL,
  `created_user_id` int(11) NOT NULL,
  `created_datetime` datetime NOT NULL,
  `updated_user_id` int(11) NOT NULL,
  `updated_datetime` datetime NOT NULL,
  `status` int(11) NOT NULL,
  PRIMARY KEY (`id`)
) ENGINE=MyISAM AUTO_INCREMENT=4 DEFAULT CHARSET=utf8 COLLATE=utf8_unicode_ci;


INSERT INTO suspend VALUES
("1","1","Walk In Customer","","","888","1","0.00","0.00","0.00","0.00","0","1","2017-10-27 16:43:20","1","2017-10-27 21:01:02","1");




CREATE TABLE `suspend_items` (
  `id` int(11) NOT NULL AUTO_INCREMENT,
  `suspend_id` int(11) NOT NULL,
  `product_code` varchar(499) COLLATE utf8_unicode_ci NOT NULL,
  `product_name` varchar(499) COLLATE utf8_unicode_ci NOT NULL,
  `product_category` int(11) NOT NULL,
  `product_cost` double(11,2) NOT NULL,
  `qty` int(11) NOT NULL,
  `product_price` varchar(499) COLLATE utf8_unicode_ci NOT NULL,
  PRIMARY KEY (`id`)
) ENGINE=MyISAM AUTO_INCREMENT=3 DEFAULT CHARSET=utf8 COLLATE=utf8_unicode_ci;






CREATE TABLE `timezones` (
  `id` int(11) NOT NULL AUTO_INCREMENT,
  `code` varchar(30) COLLATE utf8_unicode_ci NOT NULL,
  `timezone` varchar(499) COLLATE utf8_unicode_ci NOT NULL,
  PRIMARY KEY (`id`)
) ENGINE=MyISAM AUTO_INCREMENT=422 DEFAULT CHARSET=utf8 COLLATE=utf8_unicode_ci;


INSERT INTO timezones VALUES
("1","AD","Europe/Andorra"),
("2","AE","Asia/Dubai"),
("3","AF","Asia/Kabul"),
("4","AG","America/Antigua"),
("5","AI","America/Anguilla"),
("6","AL","Europe/Tirane"),
("7","AM","Asia/Yerevan"),
("8","AO","Africa/Luanda"),
("9","AQ","Antarctica/McMurdo"),
("10","AQ","Antarctica/Casey"),
("11","AQ","Antarctica/Davis"),
("12","AQ","Antarctica/DumontDUrville"),
("13","AQ","Antarctica/Mawson"),
("14","AQ","Antarctica/Palmer"),
("15","AQ","Antarctica/Rothera"),
("16","AQ","Antarctica/Syowa"),
("17","AQ","Antarctica/Troll"),
("18","AQ","Antarctica/Vostok"),
("19","AR","America/Argentina/Buenos_Aires"),
("20","AR","America/Argentina/Cordoba"),
("21","AR","America/Argentina/Salta"),
("22","AR","America/Argentina/Jujuy"),
("23","AR","America/Argentina/Tucuman"),
("24","AR","America/Argentina/Catamarca"),
("25","AR","America/Argentina/La_Rioja"),
("26","AR","America/Argentina/San_Juan"),
("27","AR","America/Argentina/Mendoza"),
("28","AR","America/Argentina/San_Luis"),
("29","AR","America/Argentina/Rio_Gallegos"),
("30","AR","America/Argentina/Ushuaia"),
("31","AS","Pacific/Pago_Pago"),
("32","AT","Europe/Vienna"),
("33","AU","Australia/Lord_Howe"),
("34","AU","Antarctica/Macquarie"),
("35","AU","Australia/Hobart"),
("36","AU","Australia/Currie"),
("37","AU","Australia/Melbourne"),
("38","AU","Australia/Sydney"),
("39","AU","Australia/Broken_Hill"),
("40","AU","Australia/Brisbane"),
("41","AU","Australia/Lindeman"),
("42","AU","Australia/Adelaide"),
("43","AU","Australia/Darwin"),
("44","AU","Australia/Perth"),
("45","AU","Australia/Eucla"),
("46","AW","America/Aruba"),
("47","AX","Europe/Mariehamn"),
("48","AZ","Asia/Baku"),
("49","BA","Europe/Sarajevo"),
("50","BB","America/Barbados"),
("51","BD","Asia/Dhaka"),
("52","BE","Europe/Brussels"),
("53","BF","Africa/Ouagadougou"),
("54","BG","Europe/Sofia"),
("55","BH","Asia/Bahrain"),
("56","BI","Africa/Bujumbura"),
("57","BJ","Africa/Porto-Novo"),
("58","BL","America/St_Barthelemy"),
("59","BM","Atlantic/Bermuda"),
("60","BN","Asia/Brunei"),
("61","BO","America/La_Paz"),
("62","BQ","America/Kralendijk"),
("63","BR","America/Noronha"),
("64","BR","America/Belem"),
("65","BR","America/Fortaleza"),
("66","BR","America/Recife"),
("67","BR","America/Araguaina"),
("68","BR","America/Maceio"),
("69","BR","America/Bahia"),
("70","BR","America/Sao_Paulo"),
("71","BR","America/Campo_Grande"),
("72","BR","America/Cuiaba"),
("73","BR","America/Santarem"),
("74","BR","America/Porto_Velho"),
("75","BR","America/Boa_Vista"),
("76","BR","America/Manaus"),
("77","BR","America/Eirunepe"),
("78","BR","America/Rio_Branco"),
("79","BS","America/Nassau"),
("80","BT","Asia/Thimphu"),
("81","BW","Africa/Gaborone"),
("82","BY","Europe/Minsk"),
("83","BZ","America/Belize"),
("84","CA","America/St_Johns"),
("85","CA","America/Halifax"),
("86","CA","America/Glace_Bay"),
("87","CA","America/Moncton"),
("88","CA","America/Goose_Bay"),
("89","CA","America/Blanc-Sablon"),
("90","CA","America/Toronto"),
("91","CA","America/Nipigon"),
("92","CA","America/Thunder_Bay"),
("93","CA","America/Iqaluit"),
("94","CA","America/Pangnirtung"),
("95","CA","America/Atikokan"),
("96","CA","America/Winnipeg"),
("97","CA","America/Rainy_River"),
("98","CA","America/Resolute"),
("99","CA","America/Rankin_Inlet"),
("100","CA","America/Regina");
INSERT INTO timezones VALUES
("101","CA","America/Swift_Current"),
("102","CA","America/Edmonton"),
("103","CA","America/Cambridge_Bay"),
("104","CA","America/Yellowknife"),
("105","CA","America/Inuvik"),
("106","CA","America/Creston"),
("107","CA","America/Dawson_Creek"),
("108","CA","America/Fort_Nelson"),
("109","CA","America/Vancouver"),
("110","CA","America/Whitehorse"),
("111","CA","America/Dawson"),
("112","CC","Indian/Cocos"),
("113","CD","Africa/Kinshasa"),
("114","CD","Africa/Lubumbashi"),
("115","CF","Africa/Bangui"),
("116","CG","Africa/Brazzaville"),
("117","CH","Europe/Zurich"),
("118","CI","Africa/Abidjan"),
("119","CK","Pacific/Rarotonga"),
("120","CL","America/Santiago"),
("121","CL","Pacific/Easter"),
("122","CM","Africa/Douala"),
("123","CN","Asia/Shanghai"),
("124","CN","Asia/Urumqi"),
("125","CO","America/Bogota"),
("126","CR","America/Costa_Rica"),
("127","CU","America/Havana"),
("128","CV","Atlantic/Cape_Verde"),
("129","CW","America/Curacao"),
("130","CX","Indian/Christmas"),
("131","CY","Asia/Nicosia"),
("132","CZ","Europe/Prague"),
("133","DE","Europe/Berlin"),
("134","DE","Europe/Busingen"),
("135","DJ","Africa/Djibouti"),
("136","DK","Europe/Copenhagen"),
("137","DM","America/Dominica"),
("138","DO","America/Santo_Domingo"),
("139","DZ","Africa/Algiers"),
("140","EC","America/Guayaquil"),
("141","EC","Pacific/Galapagos"),
("142","EE","Europe/Tallinn"),
("143","EG","Africa/Cairo"),
("144","EH","Africa/El_Aaiun"),
("145","ER","Africa/Asmara"),
("146","ES","Europe/Madrid"),
("147","ES","Africa/Ceuta"),
("148","ES","Atlantic/Canary"),
("149","ET","Africa/Addis_Ababa"),
("150","FI","Europe/Helsinki"),
("151","FJ","Pacific/Fiji"),
("152","FK","Atlantic/Stanley"),
("153","FM","Pacific/Chuuk"),
("154","FM","Pacific/Pohnpei"),
("155","FM","Pacific/Kosrae"),
("156","FO","Atlantic/Faroe"),
("157","FR","Europe/Paris"),
("158","GA","Africa/Libreville"),
("159","GB","Europe/London"),
("160","GD","America/Grenada"),
("161","GE","Asia/Tbilisi"),
("162","GF","America/Cayenne"),
("163","GG","Europe/Guernsey"),
("164","GH","Africa/Accra"),
("165","GI","Europe/Gibraltar"),
("166","GL","America/Godthab"),
("167","GL","America/Danmarkshavn"),
("168","GL","America/Scoresbysund"),
("169","GL","America/Thule"),
("170","GM","Africa/Banjul"),
("171","GN","Africa/Conakry"),
("172","GP","America/Guadeloupe"),
("173","GQ","Africa/Malabo"),
("174","GR","Europe/Athens"),
("175","GS","Atlantic/South_Georgia"),
("176","GT","America/Guatemala"),
("177","GU","Pacific/Guam"),
("178","GW","Africa/Bissau"),
("179","GY","America/Guyana"),
("180","HK","Asia/Hong_Kong"),
("181","HN","America/Tegucigalpa"),
("182","HR","Europe/Zagreb"),
("183","HT","America/Port-au-Prince"),
("184","HU","Europe/Budapest"),
("185","ID","Asia/Jakarta"),
("186","ID","Asia/Pontianak"),
("187","ID","Asia/Makassar"),
("188","ID","Asia/Jayapura"),
("189","IE","Europe/Dublin"),
("190","IL","Asia/Jerusalem"),
("191","IM","Europe/Isle_of_Man"),
("192","IN","Asia/Kolkata"),
("193","IO","Indian/Chagos"),
("194","IQ","Asia/Baghdad"),
("195","IR","Asia/Tehran"),
("196","IS","Atlantic/Reykjavik"),
("197","IT","Europe/Rome"),
("198","JE","Europe/Jersey"),
("199","JM","America/Jamaica"),
("200","JO","Asia/Amman");
INSERT INTO timezones VALUES
("201","JP","Asia/Tokyo"),
("202","KE","Africa/Nairobi"),
("203","KG","Asia/Bishkek"),
("204","KH","Asia/Phnom_Penh"),
("205","KI","Pacific/Tarawa"),
("206","KI","Pacific/Enderbury"),
("207","KI","Pacific/Kiritimati"),
("208","KM","Indian/Comoro"),
("209","KN","America/St_Kitts"),
("210","KP","Asia/Pyongyang"),
("211","KR","Asia/Seoul"),
("212","KW","Asia/Kuwait"),
("213","KY","America/Cayman"),
("214","KZ","Asia/Almaty"),
("215","KZ","Asia/Qyzylorda"),
("216","KZ","Asia/Aqtobe"),
("217","KZ","Asia/Aqtau"),
("218","KZ","Asia/Oral"),
("219","LA","Asia/Vientiane"),
("220","LB","Asia/Beirut"),
("221","LC","America/St_Lucia"),
("222","LI","Europe/Vaduz"),
("223","LK","Asia/Colombo"),
("224","LR","Africa/Monrovia"),
("225","LS","Africa/Maseru"),
("226","LT","Europe/Vilnius"),
("227","LU","Europe/Luxembourg"),
("228","LV","Europe/Riga"),
("229","LY","Africa/Tripoli"),
("230","MA","Africa/Casablanca"),
("231","MC","Europe/Monaco"),
("232","MD","Europe/Chisinau"),
("233","ME","Europe/Podgorica"),
("234","MF","America/Marigot"),
("235","MG","Indian/Antananarivo"),
("236","MH","Pacific/Majuro"),
("237","MH","Pacific/Kwajalein"),
("238","MK","Europe/Skopje"),
("239","ML","Africa/Bamako"),
("240","MM","Asia/Rangoon"),
("241","MN","Asia/Ulaanbaatar"),
("242","MN","Asia/Hovd"),
("243","MN","Asia/Choibalsan"),
("244","MO","Asia/Macau"),
("245","MP","Pacific/Saipan"),
("246","MQ","America/Martinique"),
("247","MR","Africa/Nouakchott"),
("248","MS","America/Montserrat"),
("249","MT","Europe/Malta"),
("250","MU","Indian/Mauritius"),
("251","MV","Indian/Maldives"),
("252","MW","Africa/Blantyre"),
("253","MX","America/Mexico_City"),
("254","MX","America/Cancun"),
("255","MX","America/Merida"),
("256","MX","America/Monterrey"),
("257","MX","America/Matamoros"),
("258","MX","America/Mazatlan"),
("259","MX","America/Chihuahua"),
("260","MX","America/Ojinaga"),
("261","MX","America/Hermosillo"),
("262","MX","America/Tijuana"),
("263","MX","America/Bahia_Banderas"),
("264","MY","Asia/Kuala_Lumpur"),
("265","MY","Asia/Kuching"),
("266","MZ","Africa/Maputo"),
("267","NA","Africa/Windhoek"),
("268","NC","Pacific/Noumea"),
("269","NE","Africa/Niamey"),
("270","NF","Pacific/Norfolk"),
("271","NG","Africa/Lagos"),
("272","NI","America/Managua"),
("273","NL","Europe/Amsterdam"),
("274","NO","Europe/Oslo"),
("275","NP","Asia/Kathmandu"),
("276","NR","Pacific/Nauru"),
("277","NU","Pacific/Niue"),
("278","NZ","Pacific/Auckland"),
("279","NZ","Pacific/Chatham"),
("280","OM","Asia/Muscat"),
("281","PA","America/Panama"),
("282","PE","America/Lima"),
("283","PF","Pacific/Tahiti"),
("284","PF","Pacific/Marquesas"),
("285","PF","Pacific/Gambier"),
("286","PG","Pacific/Port_Moresby"),
("287","PG","Pacific/Bougainville"),
("288","PH","Asia/Manila"),
("289","PK","Asia/Karachi"),
("290","PL","Europe/Warsaw"),
("291","PM","America/Miquelon"),
("292","PN","Pacific/Pitcairn"),
("293","PR","America/Puerto_Rico"),
("294","PS","Asia/Gaza"),
("295","PS","Asia/Hebron"),
("296","PT","Europe/Lisbon"),
("297","PT","Atlantic/Madeira"),
("298","PT","Atlantic/Azores"),
("299","PW","Pacific/Palau"),
("300","PY","America/Asuncion");
INSERT INTO timezones VALUES
("301","QA","Asia/Qatar"),
("302","RE","Indian/Reunion"),
("303","RO","Europe/Bucharest"),
("304","RS","Europe/Belgrade"),
("305","RU","Europe/Kaliningrad"),
("306","RU","Europe/Moscow"),
("307","RU","Europe/Simferopol"),
("308","RU","Europe/Volgograd"),
("309","RU","Europe/Kirov"),
("310","RU","Europe/Astrakhan"),
("311","RU","Europe/Samara"),
("312","RU","Europe/Ulyanovsk"),
("313","RU","Asia/Yekaterinburg"),
("314","RU","Asia/Omsk"),
("315","RU","Asia/Novosibirsk"),
("316","RU","Asia/Barnaul"),
("317","RU","Asia/Tomsk"),
("318","RU","Asia/Novokuznetsk"),
("319","RU","Asia/Krasnoyarsk"),
("320","RU","Asia/Irkutsk"),
("321","RU","Asia/Chita"),
("322","RU","Asia/Yakutsk"),
("323","RU","Asia/Khandyga"),
("324","RU","Asia/Vladivostok"),
("325","RU","Asia/Ust-Nera"),
("326","RU","Asia/Magadan"),
("327","RU","Asia/Sakhalin"),
("328","RU","Asia/Srednekolymsk"),
("329","RU","Asia/Kamchatka"),
("330","RU","Asia/Anadyr"),
("331","RW","Africa/Kigali"),
("332","SA","Asia/Riyadh"),
("333","SB","Pacific/Guadalcanal"),
("334","SC","Indian/Mahe"),
("335","SD","Africa/Khartoum"),
("336","SE","Europe/Stockholm"),
("337","SG","Asia/Singapore"),
("338","SH","Atlantic/St_Helena"),
("339","SI","Europe/Ljubljana"),
("340","SJ","Arctic/Longyearbyen"),
("341","SK","Europe/Bratislava"),
("342","SL","Africa/Freetown"),
("343","SM","Europe/San_Marino"),
("344","SN","Africa/Dakar"),
("345","SO","Africa/Mogadishu"),
("346","SR","America/Paramaribo"),
("347","SS","Africa/Juba"),
("348","ST","Africa/Sao_Tome"),
("349","SV","America/El_Salvador"),
("350","SX","America/Lower_Princes"),
("351","SY","Asia/Damascus"),
("352","SZ","Africa/Mbabane"),
("353","TC","America/Grand_Turk"),
("354","TD","Africa/Ndjamena"),
("355","TF","Indian/Kerguelen"),
("356","TG","Africa/Lome"),
("357","TH","Asia/Bangkok"),
("358","TJ","Asia/Dushanbe"),
("359","TK","Pacific/Fakaofo"),
("360","TL","Asia/Dili"),
("361","TM","Asia/Ashgabat"),
("362","TN","Africa/Tunis"),
("363","TO","Pacific/Tongatapu"),
("364","TR","Europe/Istanbul"),
("365","TT","America/Port_of_Spain"),
("366","TV","Pacific/Funafuti"),
("367","TW","Asia/Taipei"),
("368","TZ","Africa/Dar_es_Salaam"),
("369","UA","Europe/Kiev"),
("370","UA","Europe/Uzhgorod"),
("371","UA","Europe/Zaporozhye"),
("372","UG","Africa/Kampala"),
("373","UM","Pacific/Johnston"),
("374","UM","Pacific/Midway"),
("375","UM","Pacific/Wake"),
("376","US","America/New_York"),
("377","US","America/Detroit"),
("378","US","America/Kentucky/Louisville"),
("379","US","America/Kentucky/Monticello"),
("380","US","America/Indiana/Indianapolis"),
("381","US","America/Indiana/Vincennes"),
("382","US","America/Indiana/Winamac"),
("383","US","America/Indiana/Marengo"),
("384","US","America/Indiana/Petersburg"),
("385","US","America/Indiana/Vevay"),
("386","US","America/Chicago"),
("387","US","America/Indiana/Tell_City"),
("388","US","America/Indiana/Knox"),
("389","US","America/Menominee"),
("390","US","America/North_Dakota/Center"),
("391","US","America/North_Dakota/New_Salem"),
("392","US","America/North_Dakota/Beulah"),
("393","US","America/Denver"),
("394","US","America/Boise"),
("395","US","America/Phoenix"),
("396","US","America/Los_Angeles"),
("397","US","America/Anchorage"),
("398","US","America/Juneau"),
("399","US","America/Sitka"),
("400","US","America/Metlakatla");
INSERT INTO timezones VALUES
("401","US","America/Yakutat"),
("402","US","America/Nome"),
("403","US","America/Adak"),
("404","US","Pacific/Honolulu"),
("405","UY","America/Montevideo"),
("406","UZ","Asia/Samarkand"),
("407","UZ","Asia/Tashkent"),
("408","VA","Europe/Vatican"),
("409","VC","America/St_Vincent"),
("410","VE","America/Caracas"),
("411","VG","America/Tortola"),
("412","VI","America/St_Thomas"),
("413","VN","Asia/Ho_Chi_Minh"),
("414","VU","Pacific/Efate"),
("415","WF","Pacific/Wallis"),
("416","WS","Pacific/Apia"),
("417","YE","Asia/Aden"),
("418","YT","Indian/Mayotte"),
("419","ZA","Africa/Johannesburg"),
("420","ZM","Africa/Lusaka"),
("421","ZW","Africa/Harare");




CREATE TABLE `user_roles` (
  `id` int(11) NOT NULL AUTO_INCREMENT,
  `name` varchar(255) COLLATE utf8_unicode_ci NOT NULL,
  `created_user_id` int(11) NOT NULL,
  `created_datetime` datetime NOT NULL,
  `updated_user_id` int(11) NOT NULL,
  `updated_datetime` datetime NOT NULL,
  PRIMARY KEY (`id`)
) ENGINE=MyISAM AUTO_INCREMENT=4 DEFAULT CHARSET=utf8 COLLATE=utf8_unicode_ci;


INSERT INTO user_roles VALUES
("1","Administrator","1","2016-08-16 00:00:00","0","0000-00-00 00:00:00"),
("2","Manager","1","2016-08-16 00:00:00","0","0000-00-00 00:00:00"),
("3","Sales Person","1","2016-08-16 00:00:00","0","0000-00-00 00:00:00");




CREATE TABLE `users` (
  `id` int(11) NOT NULL AUTO_INCREMENT,
  `fullname` varchar(499) COLLATE utf8_unicode_ci NOT NULL,
  `pin` smallint(3) NOT NULL,
  `email` varchar(255) COLLATE utf8_unicode_ci NOT NULL,
  `password` varchar(499) COLLATE utf8_unicode_ci NOT NULL,
  `role_id` int(11) NOT NULL,
  `outlet_id` int(11) NOT NULL,
  `created_user_id` int(11) NOT NULL,
  `created_datetime` datetime NOT NULL,
  `updated_user_id` int(11) NOT NULL,
  `updated_datetime` datetime NOT NULL,
  `status` int(1) NOT NULL,
  PRIMARY KEY (`id`),
  UNIQUE KEY `pin` (`pin`),
  UNIQUE KEY `email` (`email`)
) ENGINE=MyISAM AUTO_INCREMENT=3 DEFAULT CHARSET=utf8 COLLATE=utf8_unicode_ci;


INSERT INTO users VALUES
("1","Owner","1234","owner@gmail.com","5f4dcc3b5aa765d61d8327deb882cf99","1","0","1","0000-00-00 00:00:00","1","2017-11-13 15:14:06","1"),
("2","Fareed","1111","fareed543@gmail.com","0b4387a90a1dcbaab233cc986e4cbd2e","2","3","1","2017-11-14 14:10:57","1","2017-11-14 14:15:51","1");




/*!40101 SET CHARACTER_SET_CLIENT=@OLD_CHARACTER_SET_CLIENT */;
/*!40101 SET CHARACTER_SET_RESULTS=@OLD_CHARACTER_SET_RESULTS */;
/*!40101 SET COLLATION_CONNECTION=@OLD_COLLATION_CONNECTION */;